Profile trace enabled: /home/ubuntu/nav-throughput-results-20260909/PROFILE/profile-trace.json
Profile ticks: 100
Trace started
 trace events: 0
Trace ended
 trace events: 167832
Trace written to /home/ubuntu/nav-throughput-results-20260909/PROFILE/profile-trace.json
{
  "schema": "coworld_body_nav_gate",
  "v": 2,
  "metadata": {
    "commit": "",
    "dirty": "",
    "nim_version": "2.2.6",
    "os_arch": "linux/amd64",
    "compile_flags": "-d:release -d:useMalloc --threads:on --opt:speed --stackTrace:on",
    "image_id": "",
    "cpu_limit": "",
    "pool_digest": "2169d51f53af12907977041223be9852e2e43781f2322273a62930cc33907b0f",
    "canonical": false
  },
  "thresholds": {
    "quality_p95_inflation_pct": 0.5,
    "quality_max_inflation_pct": 3.0,
    "retained_cap_bytes": 268435456,
    "tick_p95_ns": 4000000,
    "tick_max_ns": 5000000
  },
  "tick": {
    "maps": [
      {
        "roster_size": 16,
        "scenario": "first_goals",
        "warmups": 5,
        "sample_count": 120,
        "samples_ns": [
          2151116,
          2140395,
          2169344,
          2128838,
          2142436,
          2176537,
          2129596,
          2127332,
          2124884,
          795224,
          794066,
          774999,
          770368,
          793273,
          766676,
          776833,
          766516,
          792371,
          777860,
          774520,
          770685,
          778994,
          761568,
          762598,
          758169,
          2122027,
          2146406,
          2106522,
          2113821,
          2098036,
          2116414,
          2114033,
          2137426,
          2121430,
          2120203,
          2129687,
          2111054,
          2138388,
          2131317,
          2118897,
          2118376,
          752605,
          752652,
          771304,
          771961,
          757056,
          754197,
          765390,
          756517,
          757973,
          756911,
          769086,
          753166,
          760211,
          759391,
          765793,
          758402,
          2125895,
          2186567,
          2127515,
          2126968,
          2130534,
          2141581,
          2136398,
          2132887,
          2106734,
          2182350,
          2122787,
          2136583,
          2133174,
          2124640,
          2141502,
          2140225,
          791277,
          779128,
          774853,
          805614,
          878912,
          816023,
          813330,
          809731,
          824704,
          809763,
          813174,
          802821,
          808432,
          797534,
          803963,
          787681,
          2163958,
          2181805,
          2148230,
          2158234,
          2143528,
          2155604,
          2172295,
          2173382,
          2178589,
          2159002,
          2155883,
          2159272,
          2135626,
          2177318,
          2144416,
          2149749,
          808512,
          802592,
          812160,
          799991,
          811343,
          821927,
          823394,
          826122,
          838609,
          850728,
          833497,
          834014,
          844681,
          858333,
          845969
        ],
        "pops_per_tick": [
          1024,
          1024,
          1024,
          1024,
          1024,
          1024,
          1024,
          1024,
          1024,
          1024,
          1024,
          1024,
          1024,
          1024,
          1024,
          1024,
          1024,
          1024,
          1024,
          1024,
          1024,
          1024,
          1024,
          1024,
          1024,
          1024,
          1024,
          1024,
          1024,
          1024,
          1024,
          1024,
          1024,
          1024,
          1024,
          1024,
          1024,
          1024,
          1024,
          1024,
          1024,
          1024,
          1024,
          1024,
          1024,
          1024,
          1024,
          1024,
          1024,
          1024,
          1024,
          1024,
          1024,
          1024,
          1024,
          1024,
          1024,
          1024,
          1024,
          1024,
          1024,
          1024,
          1024,
          1024,
          1024,
          1024,
          1024,
          1024,
          1024,
          1024,
          1024,
          1024,
          1024,
          1024,
          1024,
          1024,
          1024,
          1024,
          1024,
          1024,
          1024,
          1024,
          1024,
          1024,
          1024,
          1024,
          1024,
          1024,
          1024,
          1024,
          1024,
          1024,
          1024,
          1024,
          1024,
          1024,
          1024,
          1024,
          1024,
          1024,
          1024,
          1024,
          1024,
          1024,
          1024,
          1024,
          1024,
          1024,
          1024,
          1024,
          1024,
          1024,
          1024,
          1024,
          1024,
          1024,
          1024,
          1024,
          1024,
          1024
        ],
        "nav_samples_ns": [
          1080754,
          1080957,
          1085517,
          1069977,
          1072157,
          1095814,
          1071459,
          1067208,
          1046138,
          648116,
          647239,
          629972,
          623659,
          647506,
          622354,
          632220,
          622636,
          643808,
          628453,
          628116,
          625355,
          633865,
          615885,
          619404,
          615493,
          1048320,
          1051473,
          1050427,
          1056913,
          1036301,
          1049478,
          1050974,
          1071290,
          1064734,
          1056325,
          1063886,
          1052879,
          1067709,
          1066639,
          1059143,
          1062937,
          604038,
          606222,
          623596,
          612562,
          610993,
          609349,
          620487,
          610239,
          613239,
          612373,
          624994,
          608109,
          615827,
          614830,
          622937,
          615503,
          1063902,
          1083614,
          1071848,
          1068624,
          1079145,
          1069600,
          1068253,
          1078437,
          1057986,
          1104963,
          1059575,
          1073285,
          1070922,
          1073154,
          1083229,
          1074720,
          631844,
          633383,
          629716,
          657847,
          696308,
          666041,
          665940,
          663092,
          678439,
          664177,
          666622,
          657594,
          661878,
          652134,
          650186,
          644295,
          1086413,
          1091228,
          1084745,
          1091336,
          1089398,
          1085873,
          1101931,
          1105583,
          1105973,
          1099996,
          1089695,
          1099280,
          1085663,
          1103071,
          1085400,
          1079643,
          647945,
          640661,
          650620,
          652593,
          654808,
          669635,
          679235,
          680737,
          691717,
          704221,
          689258,
          690499,
          700823,
          700056,
          700021
        ],
        "route_search_samples_ns": [
          600249,
          597719,
          592880,
          586856,
          589089,
          597924,
          588141,
          573506,
          580208,
          605712,
          605719,
          587465,
          581483,
          604603,
          580588,
          589874,
          581260,
          601753,
          587024,
          586467,
          583860,
          606716,
          588719,
          592102,
          588501,
          583265,
          585658,
          587780,
          584489,
          574646,
          581641,
          585147,
          574559,
          595529,
          577817,
          588336,
          586395,
          588328,
          599667,
          590605,
          578776,
          577114,
          579457,
          597179,
          582957,
          583843,
          582703,
          593409,
          583115,
          586269,
          585632,
          598185,
          581426,
          588543,
          587621,
          595837,
          588577,
          600128,
          618932,
          602289,
          603646,
          597183,
          617330,
          602541,
          605565,
          605292,
          628106,
          597955,
          606331,
          595144,
          608329,
          608437,
          600676,
          604601,
          598142,
          595943,
          621660,
          648468,
          623663,
          624235,
          621168,
          637111,
          622233,
          624912,
          615712,
          619114,
          610248,
          604078,
          601472,
          603070,
          619089,
          595681,
          598826,
          607673,
          597652,
          635559,
          618888,
          613825,
          618425,
          602663,
          621853,
          603953,
          598067,
          605106,
          592200,
          604634,
          598022,
          607795,
          610865,
          610001,
          625346,
          637124,
          638410,
          649291,
          662703,
          647227,
          648587,
          657608,
          657455,
          656680
        ],
        "request_overhead_samples_ns": [
          2277,
          2247,
          2582,
          2527,
          2243,
          2328,
          2239,
          2298,
          2217,
          2385,
          2211,
          2373,
          2260,
          2296,
          2195,
          2281,
          2268,
          2281,
          2252,
          2236,
          2289,
          2184,
          2326,
          2219,
          2222,
          2607,
          2326,
          2302,
          2207,
          2269,
          2288,
          2237,
          2672,
          2304,
          2329,
          2232,
          2209,
          2316,
          2267,
          2237,
          2242,
          2232,
          2237,
          2083,
          2601,
          2283,
          2120,
          2253,
          2348,
          2284,
          2259,
          2116,
          2112,
          2117,
          2286,
          2111,
          2133,
          2177,
          2593,
          2307,
          2249,
          2280,
          2082,
          2295,
          2212,
          2247,
          2296,
          2202,
          2252,
          2150,
          2333,
          2231,
          2297,
          2338,
          2622,
          2281,
          2241,
          2777,
          2382,
          2085,
          2249,
          2186,
          2309,
          2170,
          2289,
          2312,
          2228,
          2387,
          2233,
          2328,
          2149,
          2303,
          2200,
          2260,
          2217,
          2249,
          2227,
          2316,
          2342,
          2274,
          2384,
          2304,
          2382,
          2183,
          2289,
          2276,
          2341,
          2302,
          2270,
          2383,
          2532,
          2253,
          2163,
          2373,
          2117,
          2204,
          2285,
          2166,
          2156,
          2205
        ],
        "weight_refresh_samples_ns": [
          438764,
          440995,
          449977,
          439678,
          441529,
          455470,
          441307,
          451821,
          423808,
          0,
          0,
          0,
          0,
          0,
          0,
          0,
          0,
          0,
          0,
          0,
          0,
          0,
          0,
          0,
          0,
          438014,
          438704,
          435835,
          445660,
          434378,
          440810,
          438987,
          469015,
          442132,
          451179,
          448852,
          439689,
          452401,
          439831,
          441295,
          457154,
          0,
          0,
          0,
          0,
          0,
          0,
          0,
          0,
          0,
          0,
          0,
          0,
          0,
          0,
          0,
          0,
          436951,
          437149,
          442131,
          437476,
          455093,
          425097,
          438793,
          445513,
          425807,
          450172,
          434594,
          440018,
          448642,
          437794,
          447472,
          447075,
          0,
          0,
          0,
          0,
          0,
          0,
          0,
          0,
          0,
          0,
          0,
          0,
          0,
          0,
          0,
          0,
          440738,
          429038,
          446415,
          450061,
          438863,
          446235,
          423928,
          443840,
          449864,
          438404,
          444967,
          434750,
          438318,
          462553,
          437274,
          444768,
          0,
          0,
          0,
          0,
          0,
          0,
          0,
          0,
          0,
          0,
          0,
          0,
          0,
          0,
          0
        ],
        "waypoint_samples_ns": [
          590,
          634,
          649,
          637,
          622,
          662,
          729,
          652,
          686,
          619,
          631,
          634,
          625,
          622,
          666,
          647,
          601,
          630,
          658,
          662,
          624,
          716,
          611,
          625,
          635,
          633,
          639,
          663,
          618,
          621,
          652,
          630,
          640,
          624,
          648,
          649,
          627,
          635,
          653,
          616,
          651,
          625,
          618,
          587,
          720,
          667,
          674,
          674,
          650,
          654,
          644,
          635,
          624,
          678,
          650,
          658,
          666,
          661,
          656,
          658,
          630,
          591,
          681,
          642,
          623,
          651,
          638,
          645,
          608,
          626,
          676,
          647,
          648,
          630,
          677,
          620,
          644,
          1284,
          690,
          661,
          643,
          669,
          646,
          678,
          618,
          605,
          635,
          677,
          667,
          663,
          672,
          609,
          622,
          625,
          621,
          617,
          626,
          613,
          631,
          635,
          652,
          614,
          639,
          693,
          612,
          633,
          604,
          629,
          635,
          644,
          684,
          617,
          614,
          629,
          645,
          636,
          650,
          651,
          657,
          637
        ],
        "route_advance_samples_ns": [
          438,
          437,
          439,
          446,
          427,
          432,
          454,
          461,
          452,
          418,
          428,
          424,
          447,
          418,
          444,
          421,
          419,
          416,
          437,
          428,
          427,
          429,
          431,
          421,
          426,
          426,
          427,
          438,
          420,
          430,
          429,
          424,
          430,
          441,
          437,
          430,
          428,
          420,
          432,
          423,
          418,
          427,
          421,
          414,
          463,
          437,
          421,
          428,
          425,
          425,
          430,
          432,
          426,
          424,
          433,
          426,
          439,
          431,
          434,
          433,
          432,
          430,
          435,
          442,
          428,
          433,
          443,
          458,
          426,
          437,
          436,
          440,
          437,
          420,
          429,
          433,
          429,
          577,
          457,
          437,
          443,
          435,
          421,
          426,
          425,
          429,
          433,
          452,
          434,
          431,
          427,
          427,
          439,
          426,
          428,
          449,
          426,
          420,
          437,
          431,
          421,
          427,
          432,
          449,
          426,
          425,
          424,
          445,
          432,
          433,
          464,
          453,
          427,
          427,
          426,
          439,
          427,
          429,
          425,
          423
        ],
        "steering_samples_ns": [
          38436,
          38925,
          38990,
          39833,
          38247,
          38998,
          38589,
          38470,
          38767,
          38982,
          38250,
          39076,
          38844,
          39567,
          38461,
          38997,
          38088,
          38728,
          38082,
          38323,
          38155,
          23820,
          23798,
          24037,
          23709,
          23375,
          23719,
          23409,
          23519,
          23957,
          23658,
          23549,
          23974,
          23704,
          23915,
          23387,
          23531,
          23609,
          23789,
          23967,
          23696,
          23640,
          23489,
          23333,
          25821,
          23763,
          23431,
          23723,
          23701,
          23607,
          23408,
          23626,
          23521,
          24065,
          23840,
          23905,
          23688,
          23554,
          23850,
          24030,
          24191,
          23568,
          23975,
          23540,
          24096,
          23556,
          23308,
          23721,
          23650,
          23923,
          23586,
          24002,
          23587,
          23855,
          31513,
          30439,
          32873,
          43202,
          38849,
          38522,
          38589,
          38038,
          38568,
          38436,
          38550,
          39418,
          38590,
          42592,
          39489,
          39183,
          39853,
          39310,
          39188,
          39551,
          38720,
          39129,
          39576,
          38935,
          39757,
          38725,
          39220,
          40047,
          38998,
          39695,
          39348,
          39977,
          39270,
          39449,
          38391,
          41347,
          40609,
          38788,
          39123,
          38997,
          38330,
          38752,
          38550,
          39969,
          39363,
          40076
        ],
        "follower_samples_ns": [
          54345,
          54717,
          54760,
          55835,
          53896,
          54752,
          54887,
          54264,
          54482,
          54417,
          53880,
          54857,
          54563,
          55083,
          54208,
          54638,
          53637,
          54390,
          54077,
          54240,
          53907,
          39772,
          39634,
          39744,
          39421,
          39159,
          39606,
          39554,
          39166,
          39835,
          39461,
          39445,
          39983,
          39747,
          39751,
          39315,
          39090,
          39222,
          52465,
          39668,
          39338,
          39315,
          39121,
          38853,
          42940,
          39669,
          39292,
          39529,
          39644,
          39384,
          39335,
          39524,
          39223,
          39816,
          40147,
          39621,
          39759,
          39522,
          39701,
          40137,
          39975,
          39098,
          40050,
          39676,
          40080,
          39548,
          39150,
          39941,
          39264,
          39700,
          39589,
          40033,
          39678,
          39524,
          47580,
          46363,
          48688,
          63368,
          55049,
          54481,
          54428,
          53904,
          54246,
          54177,
          54147,
          55148,
          54556,
          59108,
          55368,
          55039,
          55911,
          55085,
          68049,
          55230,
          54281,
          55038,
          55603,
          54560,
          55452,
          54393,
          55118,
          55821,
          54622,
          55593,
          54960,
          68827,
          54838,
          55475,
          54238,
          57583,
          57511,
          54534,
          54779,
          54692,
          54006,
          54731,
          54453,
          55695,
          55307,
          56002
        ],
        "weapon_samples_ns": [
          122232,
          106089,
          109679,
          109245,
          108055,
          106263,
          106816,
          105376,
          118497,
          105940,
          104880,
          103153,
          104573,
          104698,
          103428,
          102959,
          102420,
          107217,
          106808,
          105284,
          103579,
          103529,
          104117,
          101886,
          102054,
          101475,
          108022,
          106755,
          106547,
          107723,
          106729,
          107591,
          107891,
          107829,
          107017,
          118435,
          105299,
          114728,
          105813,
          105645,
          104977,
          107122,
          105122,
          105198,
          115268,
          104408,
          103228,
          103565,
          104382,
          103596,
          102497,
          102820,
          103528,
          102719,
          102815,
          101955,
          101625,
          100912,
          104129,
          119288,
          104150,
          103557,
          107168,
          106785,
          106300,
          107854,
          108131,
          108551,
          107496,
          107339,
          118853,
          105723,
          104264,
          117421,
          103992,
          104137,
          106152,
          131762,
          107979,
          106287,
          105242,
          104862,
          104605,
          105263,
          104214,
          104469,
          104321,
          111565,
          102509,
          113197,
          106960,
          106090,
          106851,
          105443,
          115624,
          119727,
          107927,
          106780,
          107184,
          115673,
          118075,
          104600,
          105461,
          107154,
          105661,
          105126,
          120347,
          120322,
          106207,
          111428,
          108983,
          103158,
          103886,
          104871,
          104806,
          102822,
          102804,
          103081,
          116249,
          105140
        ],
        "danger_samples_ns": [
          1350821,
          1359757,
          1389393,
          1353394,
          1367643,
          1394123,
          1356985,
          1371765,
          1348404,
          6634,
          6837,
          6690,
          6502,
          6494,
          6453,
          6510,
          6487,
          6612,
          7028,
          6779,
          6524,
          6845,
          6838,
          6621,
          6567,
          1376283,
          1391150,
          1349365,
          1361453,
          1353717,
          1366822,
          1359683,
          1391530,
          1355663,
          1372656,
          1359848,
          1357254,
          1373488,
          1350744,
          1360779,
          1372553,
          6736,
          6469,
          6536,
          6692,
          6555,
          6628,
          6496,
          6647,
          6570,
          6748,
          6491,
          6591,
          6691,
          6621,
          6513,
          6569,
          1363244,
          1401355,
          1344123,
          1356628,
          1368436,
          1341697,
          1365579,
          1358269,
          1332123,
          1384887,
          1354564,
          1361654,
          1369149,
          1335772,
          1365760,
          1373934,
          6835,
          6930,
          6623,
          6520,
          7334,
          6865,
          6617,
          6758,
          6496,
          6645,
          6762,
          6660,
          6647,
          6677,
          6684,
          6664,
          1369312,
          1377246,
          1368922,
          1362028,
          1352682,
          1365717,
          1339561,
          1368328,
          1380099,
          1355336,
          1360948,
          1341501,
          1348998,
          1396976,
          1354500,
          1374423,
          6667,
          6618,
          6499,
          6508,
          8503,
          6542,
          6533,
          6632,
          6820,
          6581,
          6663,
          6467,
          6555,
          6568,
          6576
        ],
        "planning_samples_ns": [
          602235,
          599620,
          595182,
          589036,
          591094,
          600236,
          590131,
          575528,
          582132,
          607897,
          607722,
          589453,
          583493,
          606636,
          582427,
          592141,
          583176,
          603738,
          589380,
          588608,
          585783,
          608893,
          590682,
          593981,
          590485,
          585604,
          587756,
          589757,
          586400,
          576651,
          583699,
          587032,
          577075,
          597617,
          579865,
          590313,
          588337,
          590363,
          601625,
          592539,
          580917,
          578955,
          581435,
          599070,
          585044,
          585648,
          584429,
          595273,
          585046,
          588165,
          587523,
          600014,
          583204,
          590295,
          589492,
          597643,
          590284,
          602093,
          621593,
          604388,
          605677,
          599197,
          619495,
          604537,
          607464,
          607285,
          630260,
          600026,
          608327,
          597022,
          610378,
          610394,
          602600,
          606540,
          600352,
          597874,
          623565,
          650879,
          625974,
          626118,
          623134,
          638956,
          624305,
          626787,
          617675,
          621091,
          612130,
          606284,
          603328,
          605391,
          620945,
          597803,
          600853,
          609527,
          599899,
          637450,
          620782,
          616082,
          620406,
          604578,
          623755,
          605924,
          600137,
          607034,
          594202,
          606607,
          599941,
          609722,
          612733,
          612163,
          627420,
          639053,
          640336,
          651373,
          664543,
          649209,
          650481,
          659420,
          659324,
          658604
        ],
        "request_submit_samples_ns": [
          1126,
          1175,
          1141,
          1153,
          1099,
          1110,
          1117,
          1108,
          1097,
          1104,
          1112,
          1131,
          1116,
          1111,
          1113,
          1127,
          1105,
          1118,
          1134,
          1144,
          1112,
          1117,
          1122,
          1112,
          1093,
          1109,
          1152,
          1129,
          1106,
          1138,
          1138,
          1146,
          1113,
          1132,
          1103,
          1111,
          1102,
          1105,
          1181,
          1100,
          1090,
          1109,
          1118,
          1133,
          1288,
          1200,
          1123,
          1142,
          1148,
          1121,
          1126,
          1124,
          1098,
          1109,
          1188,
          1129,
          1153,
          1126,
          1149,
          1152,
          1156,
          1107,
          1127,
          1146,
          1151,
          1127,
          1144,
          1165,
          1123,
          1115,
          1137,
          1150,
          1126,
          1125,
          1153,
          1143,
          1140,
          1436,
          1129,
          1140,
          1110,
          1111,
          1080,
          1095,
          1096,
          1118,
          1143,
          1200,
          1141,
          1138,
          1146,
          1106,
          1129,
          1145,
          1077,
          1166,
          1139,
          1133,
          1108,
          1139,
          1289,
          1133,
          1116,
          1125,
          1121,
          1136,
          1111,
          1165,
          1097,
          1141,
          1255,
          1132,
          1102,
          1171,
          1078,
          1096,
          1134,
          1136,
          1099,
          1137
        ],
        "restart_samples_ns": [
          47,
          37,
          85,
          76,
          38,
          37,
          38,
          37,
          36,
          57,
          36,
          60,
          36,
          39,
          39,
          39,
          38,
          38,
          36,
          36,
          39,
          54,
          35,
          36,
          40,
          40,
          36,
          54,
          35,
          39,
          38,
          40,
          59,
          42,
          42,
          34,
          38,
          36,
          37,
          36,
          35,
          36,
          68,
          57,
          94,
          35,
          36,
          35,
          44,
          35,
          38,
          37,
          38,
          36,
          59,
          36,
          42,
          38,
          67,
          89,
          42,
          46,
          36,
          44,
          36,
          39,
          72,
          58,
          58,
          39,
          59,
          46,
          36,
          42,
          36,
          38,
          38,
          60,
          90,
          37,
          62,
          36,
          35,
          42,
          35,
          34,
          35,
          67,
          34,
          51,
          50,
          58,
          43,
          36,
          50,
          48,
          34,
          36,
          45,
          36,
          43,
          34,
          57,
          42,
          37,
          43,
          35,
          35,
          35,
          86,
          90,
          36,
          35,
          37,
          35,
          35,
          36,
          35,
          35,
          54
        ],
        "sjf_select_samples_ns": [
          241,
          245,
          254,
          238,
          226,
          240,
          241,
          248,
          228,
          240,
          239,
          256,
          237,
          237,
          240,
          242,
          239,
          237,
          241,
          207,
          209,
          240,
          237,
          231,
          236,
          236,
          235,
          236,
          236,
          240,
          230,
          239,
          195,
          247,
          244,
          213,
          235,
          261,
          214,
          237,
          243,
          240,
          224,
          164,
          243,
          216,
          199,
          213,
          236,
          237,
          233,
          232,
          241,
          208,
          209,
          200,
          205,
          180,
          291,
          264,
          234,
          231,
          227,
          252,
          240,
          253,
          245,
          256,
          247,
          246,
          248,
          243,
          250,
          219,
          234,
          207,
          199,
          240,
          229,
          187,
          250,
          222,
          233,
          225,
          196,
          229,
          222,
          213,
          197,
          240,
          208,
          233,
          221,
          240,
          237,
          188,
          207,
          214,
          213,
          232,
          193,
          239,
          254,
          242,
          242,
          202,
          215,
          216,
          154,
          253,
          248,
          203,
          211,
          250,
          237,
          214,
          226,
          233,
          238,
          220
        ],
        "attach_samples_ns": [
          863,
          790,
          1102,
          1060,
          880,
          941,
          843,
          905,
          856,
          984,
          824,
          926,
          871,
          909,
          803,
          873,
          886,
          888,
          841,
          849,
          929,
          773,
          932,
          840,
          853,
          1222,
          903,
          883,
          830,
          852,
          882,
          812,
          1305,
          883,
          940,
          874,
          834,
          914,
          835,
          864,
          874,
          847,
          827,
          729,
          976,
          832,
          762,
          863,
          920,
          891,
          862,
          723,
          735,
          764,
          830,
          746,
          733,
          833,
          1086,
          802,
          817,
          896,
          692,
          853,
          785,
          828,
          835,
          723,
          824,
          750,
          889,
          792,
          885,
          952,
          1199,
          893,
          864,
          1041,
          934,
          721,
          827,
          817,
          961,
          808,
          962,
          931,
          828,
          907,
          861,
          899,
          745,
          906,
          807,
          839,
          853,
          847,
          847,
          933,
          976,
          867,
          859,
          898,
          955,
          774,
          889,
          895,
          980,
          886,
          984,
          903,
          939,
          882,
          815,
          915,
          767,
          859,
          889,
          762,
          784,
          794
        ],
        "finish_install_samples_ns": [
          0,
          0,
          0,
          0,
          0,
          0,
          0,
          0,
          0,
          0,
          0,
          0,
          0,
          0,
          0,
          0,
          0,
          0,
          0,
          0,
          0,
          0,
          0,
          0,
          0,
          0,
          0,
          0,
          0,
          0,
          0,
          0,
          0,
          0,
          0,
          0,
          0,
          0,
          0,
          0,
          0,
          0,
          0,
          0,
          0,
          0,
          0,
          0,
          0,
          0,
          0,
          0,
          0,
          0,
          0,
          0,
          0,
          0,
          0,
          0,
          0,
          0,
          0,
          0,
          0,
          0,
          0,
          0,
          0,
          0,
          0,
          0,
          0,
          0,
          0,
          0,
          0,
          0,
          0,
          0,
          0,
          0,
          0,
          0,
          0,
          0,
          0,
          0,
          0,
          0,
          0,
          0,
          0,
          0,
          0,
          0,
          0,
          0,
          0,
          0,
          0,
          0,
          0,
          0,
          0,
          0,
          0,
          0,
          0,
          0,
          0,
          0,
          0,
          0,
          0,
          0,
          0,
          0,
          0,
          0
        ],
        "non_nav_samples_ns": [
          1070362,
          1059438,
          1083827,
          1058861,
          1070279,
          1080723,
          1058137,
          1060124,
          1078746,
          147108,
          146827,
          145027,
          146709,
          145767,
          144322,
          144613,
          143880,
          148563,
          149407,
          146404,
          145330,
          145129,
          145683,
          143194,
          142676,
          1073707,
          1094933,
          1056095,
          1056908,
          1061735,
          1066936,
          1063059,
          1066136,
          1056696,
          1063878,
          1065801,
          1058175,
          1070679,
          1064678,
          1059754,
          1055439,
          148567,
          146430,
          147708,
          159399,
          146063,
          144848,
          144903,
          146278,
          144734,
          144538,
          144092,
          145057,
          144384,
          144561,
          142856,
          142899,
          1061993,
          1102953,
          1055667,
          1058344,
          1051389,
          1071981,
          1068145,
          1054450,
          1048748,
          1077387,
          1063212,
          1063298,
          1062252,
          1051486,
          1058273,
          1065505,
          159433,
          145745,
          145137,
          147767,
          182604,
          149982,
          147390,
          146639,
          146265,
          145586,
          146552,
          145227,
          146554,
          145400,
          153777,
          143386,
          1077545,
          1090577,
          1063485,
          1066898,
          1054130,
          1069731,
          1070364,
          1067799,
          1072616,
          1059006,
          1066188,
          1059992,
          1049963,
          1074247,
          1059016,
          1070106,
          160567,
          161931,
          161540,
          147398,
          156535,
          152292,
          144159,
          145385,
          146892,
          146507,
          144239,
          143515,
          143858,
          158277,
          145948
        ],
        "route_search_ns_per_pop_samples": [
          586,
          583,
          578,
          573,
          575,
          583,
          574,
          560,
          566,
          591,
          591,
          573,
          567,
          590,
          566,
          576,
          567,
          587,
          573,
          572,
          570,
          592,
          574,
          578,
          574,
          569,
          571,
          574,
          570,
          561,
          568,
          571,
          561,
          581,
          564,
          574,
          572,
          574,
          585,
          576,
          565,
          563,
          565,
          583,
          569,
          570,
          569,
          579,
          569,
          572,
          571,
          584,
          567,
          574,
          573,
          581,
          574,
          586,
          604,
          588,
          589,
          583,
          602,
          588,
          591,
          591,
          613,
          583,
          592,
          581,
          594,
          594,
          586,
          590,
          584,
          581,
          607,
          633,
          609,
          609,
          606,
          622,
          607,
          610,
          601,
          604,
          595,
          589,
          587,
          588,
          604,
          581,
          584,
          593,
          583,
          620,
          604,
          599,
          603,
          588,
          607,
          589,
          584,
          590,
          578,
          590,
          584,
          593,
          596,
          595,
          610,
          622,
          623,
          634,
          647,
          632,
          633,
          642,
          642,
          641
        ],
        "request_submissions_per_tick": [
          16,
          16,
          16,
          16,
          16,
          16,
          16,
          16,
          16,
          16,
          16,
          16,
          16,
          16,
          16,
          16,
          16,
          16,
          16,
          16,
          16,
          16,
          16,
          16,
          16,
          16,
          16,
          16,
          16,
          16,
          16,
          16,
          16,
          16,
          16,
          16,
          16,
          16,
          16,
          16,
          16,
          16,
          16,
          16,
          16,
          16,
          16,
          16,
          16,
          16,
          16,
          16,
          16,
          16,
          16,
          16,
          16,
          16,
          16,
          16,
          16,
          16,
          16,
          16,
          16,
          16,
          16,
          16,
          16,
          16,
          16,
          16,
          16,
          16,
          16,
          16,
          16,
          16,
          16,
          16,
          16,
          16,
          16,
          16,
          16,
          16,
          16,
          16,
          16,
          16,
          16,
          16,
          16,
          16,
          16,
          16,
          16,
          16,
          16,
          16,
          16,
          16,
          16,
          16,
          16,
          16,
          16,
          16,
          16,
          16,
          16,
          16,
          16,
          16,
          16,
          16,
          16,
          16,
          16,
          16
        ],
        "request_admissions_per_tick": [
          1,
          1,
          1,
          1,
          1,
          1,
          1,
          1,
          1,
          1,
          1,
          1,
          1,
          1,
          1,
          1,
          1,
          1,
          1,
          1,
          1,
          1,
          1,
          1,
          1,
          1,
          1,
          1,
          1,
          1,
          1,
          1,
          1,
          1,
          1,
          1,
          1,
          1,
          1,
          1,
          1,
          1,
          1,
          1,
          1,
          1,
          1,
          1,
          1,
          1,
          1,
          1,
          1,
          1,
          1,
          1,
          1,
          1,
          1,
          1,
          1,
          1,
          1,
          1,
          1,
          1,
          1,
          1,
          1,
          1,
          1,
          1,
          1,
          1,
          1,
          1,
          1,
          1,
          1,
          1,
          1,
          1,
          1,
          1,
          1,
          1,
          1,
          1,
          1,
          1,
          1,
          1,
          1,
          1,
          1,
          1,
          1,
          1,
          1,
          1,
          1,
          1,
          1,
          1,
          1,
          1,
          1,
          1,
          1,
          1,
          1,
          1,
          1,
          1,
          1,
          1,
          1,
          1,
          1,
          1
        ],
        "route_completions_per_tick": [
          0,
          0,
          0,
          0,
          0,
          0,
          0,
          0,
          0,
          0,
          0,
          0,
          0,
          0,
          0,
          0,
          0,
          0,
          0,
          0,
          0,
          0,
          0,
          0,
          0,
          0,
          0,
          0,
          0,
          0,
          0,
          0,
          0,
          0,
          0,
          0,
          0,
          0,
          0,
          0,
          0,
          0,
          0,
          0,
          0,
          0,
          0,
          0,
          0,
          0,
          0,
          0,
          0,
          0,
          0,
          0,
          0,
          0,
          0,
          0,
          0,
          0,
          0,
          0,
          0,
          0,
          0,
          0,
          0,
          0,
          0,
          0,
          0,
          0,
          0,
          0,
          0,
          0,
          0,
          0,
          0,
          0,
          0,
          0,
          0,
          0,
          0,
          0,
          0,
          0,
          0,
          0,
          0,
          0,
          0,
          0,
          0,
          0,
          0,
          0,
          0,
          0,
          0,
          0,
          0,
          0,
          0,
          0,
          0,
          0,
          0,
          0,
          0,
          0,
          0,
          0,
          0,
          0,
          0,
          0
        ],
        "weight_refreshes_per_tick": [
          1,
          1,
          1,
          1,
          1,
          1,
          1,
          1,
          1,
          0,
          0,
          0,
          0,
          0,
          0,
          0,
          0,
          0,
          0,
          0,
          0,
          0,
          0,
          0,
          0,
          1,
          1,
          1,
          1,
          1,
          1,
          1,
          1,
          1,
          1,
          1,
          1,
          1,
          1,
          1,
          1,
          0,
          0,
          0,
          0,
          0,
          0,
          0,
          0,
          0,
          0,
          0,
          0,
          0,
          0,
          0,
          0,
          1,
          1,
          1,
          1,
          1,
          1,
          1,
          1,
          1,
          1,
          1,
          1,
          1,
          1,
          1,
          1,
          0,
          0,
          0,
          0,
          0,
          0,
          0,
          0,
          0,
          0,
          0,
          0,
          0,
          0,
          0,
          0,
          1,
          1,
          1,
          1,
          1,
          1,
          1,
          1,
          1,
          1,
          1,
          1,
          1,
          1,
          1,
          1,
          0,
          0,
          0,
          0,
          0,
          0,
          0,
          0,
          0,
          0,
          0,
          0,
          0,
          0,
          0
        ],
        "p50_ns": 845969,
        "p95_ns": 2173382,
        "max_ns": 2186567,
        "nav_p50_ns": 700021,
        "nav_p95_ns": 1099280,
        "nav_max_ns": 1105973,
        "route_search_p50_ns": 598185,
        "route_search_p95_ns": 648468,
        "route_search_max_ns": 662703,
        "route_search_ns_per_pop_p50": 584,
        "route_search_ns_per_pop_p95": 633,
        "request_overhead_p50_ns": 2267,
        "request_overhead_p95_ns": 2582,
        "request_overhead_max_ns": 2777,
        "weight_refresh_p50_ns": 0,
        "weight_refresh_p95_ns": 451821,
        "weight_refresh_max_ns": 469015,
        "waypoint_p50_ns": 639,
        "waypoint_p95_ns": 686,
        "waypoint_max_ns": 1284,
        "route_advance_p50_ns": 430,
        "route_advance_p95_ns": 454,
        "route_advance_max_ns": 577,
        "steering_p50_ns": 38155,
        "steering_p95_ns": 39977,
        "steering_max_ns": 43202,
        "follower_p95_ns": 56002,
        "weapon_p95_ns": 118853,
        "danger_p95_ns": 1384887,
        "planning_p95_ns": 650481,
        "request_submit_p95_ns": 1188,
        "restart_p95_ns": 76,
        "sjf_select_p95_ns": 254,
        "attach_p95_ns": 1041,
        "finish_install_p95_ns": 0,
        "finish_install_max_ns": 0,
        "non_nav_p50_ns": 160567,
        "non_nav_p95_ns": 1077545,
        "non_nav_max_ns": 1102953,
        "p95_limit_ns": 4000000,
        "max_limit_ns": 5000000,
        "pass": true
      },
      {
        "roster_size": 16,
        "scenario": "moving_goals",
        "warmups": 5,
        "sample_count": 120,
        "samples_ns": [
          2124338,
          2154209,
          2245073,
          2275311,
          2204003,
          2268009,
          2297828,
          2175078,
          2200427,
          815072,
          784424,
          801957,
          771113,
          802596,
          762850,
          789316,
          776557,
          792718,
          768875,
          795268,
          794922,
          761975,
          734851,
          772408,
          820900,
          2229898,
          2219576,
          2192282,
          2175449,
          2209132,
          2116472,
          2183071,
          2170707,
          2366087,
          2192003,
          2188170,
          2167031,
          2165104,
          2163247,
          2154772,
          2178747,
          823177,
          815397,
          833157,
          798107,
          790988,
          813159,
          845931,
          811489,
          858145,
          875960,
          859026,
          856847,
          911040,
          949805,
          916657,
          875945,
          2218652,
          2239959,
          2222113,
          2199225,
          2190724,
          2183744,
          2218948,
          2186876,
          2184693,
          2207987,
          2158718,
          2160263,
          2203190,
          2166824,
          2150418,
          2147028,
          776614,
          789105,
          749465,
          832909,
          868796,
          851089,
          862067,
          833010,
          831505,
          820510,
          804465,
          814167,
          799889,
          854483,
          809008,
          822004,
          2228672,
          2022027,
          2208124,
          2194487,
          2114271,
          2183794,
          2165610,
          2108535,
          2216260,
          2207252,
          2194969,
          2277009,
          2326421,
          2331349,
          2309412,
          2280832,
          875267,
          862393,
          875076,
          849933,
          396943,
          182926,
          181669,
          187693,
          178277,
          179566,
          867670,
          762189,
          823290,
          812351,
          774923
        ],
        "pops_per_tick": [
          1024,
          1024,
          1024,
          1024,
          1024,
          1024,
          1024,
          1024,
          1024,
          1024,
          1024,
          1024,
          1024,
          1024,
          1024,
          1024,
          1024,
          1024,
          1024,
          1024,
          1024,
          1024,
          1024,
          1024,
          1024,
          1024,
          1024,
          1024,
          1024,
          1024,
          1024,
          1024,
          1024,
          1024,
          1024,
          1024,
          1024,
          1024,
          1024,
          1024,
          1024,
          1024,
          1024,
          1024,
          1024,
          1024,
          1024,
          1024,
          1024,
          1024,
          1024,
          1024,
          1024,
          1024,
          1024,
          1024,
          1024,
          1024,
          1024,
          1024,
          1024,
          1024,
          1024,
          1024,
          1024,
          1024,
          1024,
          1024,
          1024,
          1024,
          1024,
          1024,
          1024,
          1024,
          1024,
          1024,
          1024,
          1024,
          1024,
          1024,
          1024,
          1024,
          1024,
          1024,
          1024,
          1024,
          1024,
          1024,
          1024,
          1024,
          673,
          1024,
          1024,
          1024,
          1024,
          1024,
          1024,
          1024,
          1024,
          1024,
          1024,
          1024,
          1024,
          1024,
          1024,
          1024,
          1024,
          1024,
          1024,
          313,
          0,
          0,
          0,
          0,
          0,
          1024,
          1024,
          1024,
          1024,
          1024
        ],
        "nav_samples_ns": [
          1056735,
          1088743,
          1184901,
          1203761,
          1135632,
          1198428,
          1233245,
          1112937,
          1141256,
          665832,
          638301,
          648863,
          624922,
          657399,
          618558,
          645672,
          624149,
          645866,
          622740,
          648913,
          651966,
          620825,
          590637,
          629863,
          676908,
          1152329,
          1149236,
          1121535,
          1073373,
          1140744,
          1044746,
          1128259,
          1113474,
          1283852,
          1116139,
          1103297,
          1093323,
          1097918,
          1106019,
          1097140,
          1104906,
          675668,
          670557,
          685131,
          652068,
          634948,
          670296,
          702555,
          667329,
          714776,
          731036,
          715912,
          712657,
          768561,
          803777,
          768466,
          729926,
          1138727,
          1168978,
          1149090,
          1134053,
          1116817,
          1124239,
          1136200,
          1111019,
          1100282,
          1124284,
          1092473,
          1076528,
          1094248,
          1084914,
          1080847,
          1073224,
          626570,
          642893,
          593457,
          677528,
          712054,
          691751,
          701080,
          682615,
          673308,
          659926,
          647152,
          667350,
          654223,
          688884,
          651017,
          665027,
          1129151,
          944574,
          1129930,
          1117799,
          1045137,
          1108254,
          1094292,
          1031792,
          1136549,
          1119419,
          1110366,
          1189558,
          1234773,
          1233630,
          1237171,
          1195100,
          724590,
          715905,
          728418,
          701609,
          251340,
          37600,
          39072,
          45125,
          37535,
          38922,
          712329,
          602953,
          667774,
          656264,
          632168
        ],
        "route_search_samples_ns": [
          570479,
          613356,
          716781,
          703110,
          659944,
          717513,
          745097,
          634448,
          642311,
          610449,
          586657,
          600371,
          575006,
          610297,
          580356,
          598553,
          583867,
          596640,
          580588,
          606632,
          610337,
          580620,
          542142,
          571721,
          600272,
          629002,
          635015,
          631272,
          588786,
          664141,
          577397,
          663501,
          636183,
          757014,
          634947,
          614377,
          631403,
          621167,
          611357,
          621393,
          626580,
          621931,
          612027,
          623738,
          586878,
          563024,
          595238,
          619076,
          582484,
          625503,
          636265,
          619889,
          618364,
          678822,
          714938,
          673171,
          639422,
          614986,
          638025,
          637955,
          623650,
          632521,
          634079,
          634698,
          640620,
          625659,
          632596,
          622344,
          596424,
          582144,
          623796,
          590679,
          606290,
          599720,
          615326,
          564836,
          647270,
          681958,
          658537,
          658764,
          624470,
          629152,
          608716,
          602764,
          618172,
          610523,
          628980,
          600330,
          610129,
          639096,
          442056,
          635274,
          627282,
          560098,
          617041,
          598896,
          541383,
          644068,
          633169,
          619813,
          700132,
          733737,
          738814,
          719316,
          691303,
          666423,
          662902,
          679691,
          655999,
          213215,
          0,
          0,
          0,
          0,
          0,
          670070,
          562688,
          627893,
          617018,
          593716
        ],
        "request_overhead_samples_ns": [
          121,
          70,
          89,
          85,
          84,
          85,
          85,
          3249,
          91,
          14785,
          111,
          8177,
          97,
          7720,
          110,
          7805,
          95,
          7678,
          66,
          2359,
          92,
          75,
          85,
          83,
          72,
          92,
          87,
          100,
          108,
          136,
          1248,
          10476,
          6691,
          8536,
          7262,
          6876,
          7056,
          7020,
          12516,
          6767,
          7244,
          6122,
          6024,
          2259,
          89,
          107,
          88,
          62,
          63,
          63,
          56,
          56,
          75,
          69,
          84,
          9892,
          5911,
          5970,
          11375,
          5823,
          6107,
          6305,
          11473,
          6055,
          6176,
          6140,
          11379,
          2436,
          87,
          127,
          81,
          91,
          74,
          87,
          73,
          63,
          64,
          63,
          88,
          9370,
          10224,
          5090,
          10167,
          5125,
          9798,
          5151,
          13071,
          5361,
          9747,
          5489,
          10138,
          2523,
          88,
          88,
          1209,
          90,
          101,
          82,
          112,
          103,
          94,
          93,
          102,
          17001,
          9491,
          13286,
          13187,
          9172,
          8921,
          4230,
          163,
          125,
          126,
          98,
          103,
          2521,
          78,
          61,
          72,
          78
        ],
        "weight_refresh_samples_ns": [
          445759,
          424916,
          427876,
          459684,
          435498,
          440305,
          447857,
          434394,
          459422,
          0,
          0,
          0,
          0,
          0,
          0,
          0,
          0,
          0,
          0,
          0,
          0,
          0,
          0,
          0,
          0,
          436878,
          447237,
          433087,
          436731,
          436344,
          435031,
          424150,
          439473,
          487059,
          441226,
          451696,
          424064,
          441252,
          456220,
          435134,
          430538,
          0,
          0,
          0,
          0,
          0,
          0,
          0,
          0,
          0,
          0,
          0,
          0,
          0,
          0,
          0,
          0,
          435641,
          432986,
          444311,
          448843,
          430101,
          432478,
          452258,
          424514,
          434187,
          449526,
          434677,
          447624,
          480260,
          424217,
          453811,
          435047,
          0,
          0,
          0,
          0,
          0,
          0,
          0,
          0,
          0,
          0,
          0,
          0,
          0,
          0,
          0,
          0,
          436143,
          433429,
          433947,
          434957,
          434356,
          440149,
          442570,
          437068,
          439828,
          434071,
          436651,
          437639,
          450894,
          439882,
          441432,
          446651,
          0,
          0,
          0,
          0,
          0,
          0,
          0,
          0,
          0,
          0,
          0,
          0,
          0,
          0,
          0
        ],
        "waypoint_samples_ns": [
          775,
          881,
          737,
          976,
          939,
          920,
          904,
          831,
          715,
          780,
          13062,
          1527,
          2576,
          2817,
          4053,
          4532,
          6569,
          9167,
          9914,
          10211,
          11899,
          22892,
          31987,
          41527,
          59836,
          69735,
          46612,
          34090,
          22623,
          12437,
          964,
          766,
          1983,
          2552,
          4123,
          4446,
          5983,
          7108,
          9179,
          16643,
          24998,
          33407,
          41179,
          47994,
          54630,
          64075,
          69396,
          77793,
          79076,
          83633,
          89147,
          90360,
          88608,
          84369,
          83037,
          80240,
          79174,
          76659,
          79393,
          50220,
          43480,
          37194,
          35205,
          28072,
          23044,
          16163,
          13224,
          12754,
          12409,
          11820,
          13462,
          12197,
          8024,
          3658,
          2861,
          3189,
          4809,
          3180,
          3295,
          3078,
          3874,
          5954,
          8140,
          11189,
          13516,
          17726,
          26893,
          24114,
          30154,
          35480,
          42447,
          41872,
          43028,
          41053,
          38342,
          38637,
          36991,
          33784,
          30860,
          29555,
          25214,
          21550,
          22455,
          26458,
          12415,
          5514,
          8700,
          12474,
          16968,
          21608,
          27079,
          30386,
          43817,
          36287,
          37652,
          38574,
          39024,
          38656,
          37998,
          37180
        ],
        "route_advance_samples_ns": [
          466,
          453,
          426,
          446,
          456,
          421,
          458,
          429,
          436,
          441,
          598,
          558,
          603,
          565,
          584,
          596,
          644,
          635,
          691,
          663,
          690,
          654,
          704,
          678,
          678,
          641,
          669,
          647,
          551,
          536,
          480,
          412,
          529,
          566,
          720,
          639,
          742,
          765,
          805,
          904,
          913,
          1004,
          1024,
          1083,
          1075,
          1068,
          1085,
          1067,
          1042,
          1031,
          1040,
          1070,
          1044,
          1002,
          1046,
          1022,
          1054,
          1157,
          1203,
          1143,
          1073,
          1031,
          989,
          946,
          877,
          825,
          770,
          800,
          744,
          697,
          673,
          549,
          555,
          494,
          483,
          491,
          470,
          498,
          505,
          481,
          569,
          662,
          738,
          798,
          840,
          906,
          1024,
          1028,
          1047,
          1168,
          1335,
          1305,
          1252,
          1117,
          1081,
          976,
          966,
          864,
          901,
          843,
          762,
          733,
          720,
          665,
          782,
          684,
          845,
          1017,
          1016,
          1195,
          1192,
          1181,
          1182,
          1150,
          1167,
          1164,
          1163,
          1164,
          1176,
          1194
        ],
        "steering_samples_ns": [
          39135,
          49067,
          38992,
          39460,
          38711,
          39184,
          38844,
          39586,
          38281,
          39377,
          37873,
          38230,
          46640,
          36000,
          33455,
          34186,
          32974,
          31746,
          31481,
          29048,
          28948,
          16584,
          15719,
          15854,
          16050,
          15981,
          19616,
          22339,
          24574,
          27150,
          29626,
          28954,
          28615,
          28125,
          27861,
          25263,
          24075,
          20606,
          15942,
          16299,
          14633,
          13204,
          10303,
          10057,
          9396,
          6674,
          4489,
          4557,
          4664,
          4546,
          4528,
          4537,
          4566,
          4299,
          4672,
          4141,
          4365,
          4314,
          5996,
          9638,
          10900,
          9665,
          10015,
          14171,
          15788,
          17308,
          16789,
          19462,
          19240,
          19200,
          22685,
          23520,
          23234,
          22611,
          24150,
          24878,
          24915,
          26355,
          29326,
          29387,
          43478,
          32450,
          32165,
          27276,
          25024,
          19917,
          18916,
          20184,
          13950,
          11775,
          15169,
          15009,
          11192,
          8425,
          10432,
          13123,
          15283,
          17923,
          20306,
          23401,
          25717,
          27766,
          31657,
          32299,
          34458,
          38683,
          30271,
          26064,
          18705,
          11092,
          9166,
          7380,
          0,
          0,
          0,
          0,
          0,
          0,
          0,
          0
        ],
        "follower_samples_ns": [
          53770,
          63024,
          52715,
          54066,
          53093,
          53027,
          53247,
          56448,
          51839,
          53373,
          63857,
          52538,
          63290,
          52127,
          51051,
          51908,
          52862,
          54098,
          54659,
          55052,
          53889,
          52422,
          61411,
          70507,
          89186,
          98692,
          79475,
          69978,
          60793,
          53324,
          43992,
          45174,
          43640,
          43712,
          45993,
          42949,
          43600,
          40971,
          38261,
          46370,
          52917,
          60130,
          64309,
          73348,
          76935,
          84259,
          86907,
          95435,
          96629,
          100851,
          106389,
          107614,
          106055,
          101295,
          100599,
          99795,
          96274,
          93694,
          99081,
          73447,
          67896,
          60317,
          58602,
          56114,
          52572,
          47056,
          43556,
          48122,
          44829,
          44195,
          49797,
          48924,
          44380,
          39426,
          39917,
          52196,
          54226,
          42294,
          45951,
          48252,
          60621,
          62101,
          54012,
          52024,
          51917,
          50859,
          75055,
          58422,
          57580,
          60883,
          73494,
          74037,
          68499,
          64026,
          62800,
          65340,
          65958,
          65323,
          64935,
          67010,
          64514,
          62887,
          69745,
          76315,
          61183,
          57781,
          52345,
          52076,
          49548,
          46391,
          49716,
          51011,
          57165,
          49354,
          50350,
          54266,
          52177,
          51419,
          51047,
          50154
        ],
        "weapon_samples_ns": [
          111906,
          105429,
          108149,
          109350,
          107763,
          106770,
          118450,
          106797,
          105604,
          107196,
          105793,
          113575,
          105720,
          105299,
          104894,
          103987,
          104072,
          106186,
          106363,
          105432,
          103491,
          102513,
          104538,
          103392,
          104092,
          103571,
          109194,
          108356,
          107893,
          108254,
          117520,
          107815,
          107833,
          107908,
          111151,
          107479,
          117712,
          105770,
          105940,
          117093,
          105631,
          107069,
          105894,
          107429,
          106576,
          114368,
          104340,
          104822,
          105261,
          104228,
          105926,
          104365,
          105386,
          103819,
          106409,
          106182,
          106330,
          105498,
          107267,
          106571,
          106291,
          105143,
          106571,
          118012,
          107876,
          108625,
          108609,
          109713,
          108395,
          108192,
          110026,
          107666,
          106592,
          107766,
          106055,
          104280,
          103929,
          105774,
          118746,
          118308,
          108960,
          107726,
          107331,
          116727,
          106089,
          106024,
          107784,
          117635,
          116554,
          115758,
          109943,
          108094,
          107421,
          107101,
          107703,
          107041,
          106623,
          107782,
          116048,
          110235,
          108281,
          120005,
          115114,
          110818,
          109917,
          108495,
          105619,
          106564,
          106952,
          106268,
          106742,
          104716,
          104521,
          103205,
          103659,
          115826,
          119012,
          116530,
          117626,
          104331
        ],
        "danger_samples_ns": [
          1366915,
          1351508,
          1346505,
          1387746,
          1361503,
          1368234,
          1358922,
          1354122,
          1379424,
          7116,
          6869,
          6480,
          6676,
          6407,
          6483,
          6543,
          15620,
          6921,
          6668,
          6423,
          6621,
          6383,
          6489,
          6517,
          6332,
          1377270,
          1374742,
          1361212,
          1396215,
          1362385,
          1355000,
          1333922,
          1354691,
          1426969,
          1370294,
          1394833,
          1345804,
          1368697,
          1373340,
          1341482,
          1365066,
          6807,
          6559,
          6608,
          7017,
          6616,
          6403,
          6544,
          6607,
          6590,
          6824,
          6614,
          6671,
          6547,
          6812,
          6918,
          7085,
          1377641,
          1362355,
          1377470,
          1374237,
          1364694,
          1351911,
          1382565,
          1358754,
          1376388,
          1390099,
          1356351,
          1389254,
          1447365,
          1361702,
          1381745,
          1368846,
          6905,
          6656,
          6904,
          6676,
          6756,
          6720,
          6614,
          7128,
          6482,
          6713,
          6275,
          6301,
          6304,
          6746,
          6481,
          6150,
          1386388,
          1364526,
          1367400,
          1370195,
          1361779,
          1374020,
          1372095,
          1373058,
          1377860,
          1371742,
          1375599,
          1381967,
          1388261,
          1385054,
          1364335,
          1385937,
          7034,
          6605,
          6337,
          6315,
          6250,
          6192,
          6177,
          6107,
          6058,
          5985,
          6160,
          6824,
          6622,
          6402,
          6464
        ],
        "planning_samples_ns": [
          571210,
          614171,
          717494,
          703864,
          660605,
          718347,
          746109,
          637180,
          643047,
          626354,
          587320,
          609540,
          575583,
          618992,
          580908,
          607333,
          584430,
          605223,
          581100,
          608475,
          610904,
          581128,
          542656,
          572320,
          600948,
          629663,
          635781,
          631942,
          589574,
          664893,
          579548,
          674095,
          644070,
          767046,
          643233,
          622306,
          639486,
          629201,
          625454,
          629500,
          635151,
          628974,
          618931,
          625596,
          587436,
          563632,
          595787,
          619727,
          583023,
          626062,
          636811,
          620553,
          618966,
          679462,
          715565,
          683672,
          646236,
          622179,
          650952,
          644892,
          630659,
          639751,
          646938,
          641705,
          647736,
          632672,
          645401,
          624385,
          597160,
          582956,
          624478,
          591373,
          606901,
          600501,
          615928,
          565512,
          647859,
          682527,
          659255,
          668253,
          636274,
          635139,
          620258,
          609209,
          629289,
          616584,
          643620,
          606453,
          621207,
          645810,
          453274,
          637304,
          628006,
          560805,
          619064,
          599555,
          542190,
          644720,
          633835,
          620569,
          700775,
          734478,
          739609,
          737038,
          702362,
          681548,
          677982,
          690151,
          666215,
          218204,
          573,
          503,
          523,
          506,
          508,
          671878,
          563208,
          628389,
          617527,
          594286
        ],
        "request_submit_samples_ns": [
          0,
          0,
          0,
          0,
          0,
          0,
          0,
          1374,
          0,
          0,
          0,
          0,
          0,
          0,
          0,
          0,
          0,
          0,
          0,
          1248,
          0,
          0,
          0,
          0,
          0,
          0,
          0,
          0,
          0,
          0,
          0,
          1294,
          0,
          0,
          0,
          0,
          0,
          0,
          0,
          0,
          0,
          0,
          0,
          1200,
          0,
          0,
          0,
          0,
          0,
          0,
          0,
          0,
          0,
          0,
          0,
          1145,
          0,
          0,
          0,
          0,
          146,
          145,
          126,
          149,
          141,
          134,
          137,
          1188,
          0,
          0,
          0,
          0,
          0,
          0,
          0,
          0,
          0,
          0,
          0,
          1244,
          0,
          0,
          0,
          0,
          0,
          0,
          0,
          192,
          0,
          0,
          142,
          1327,
          0,
          0,
          0,
          0,
          0,
          0,
          0,
          0,
          0,
          0,
          0,
          1530,
          0,
          0,
          0,
          0,
          0,
          0,
          0,
          0,
          0,
          0,
          0,
          1475,
          0,
          0,
          0,
          0
        ],
        "restart_samples_ns": [
          121,
          70,
          89,
          85,
          84,
          85,
          85,
          123,
          91,
          96,
          111,
          74,
          97,
          69,
          110,
          75,
          95,
          85,
          66,
          116,
          92,
          75,
          85,
          83,
          72,
          92,
          87,
          100,
          108,
          136,
          106,
          138,
          93,
          202,
          125,
          84,
          107,
          83,
          64,
          97,
          95,
          87,
          55,
          90,
          89,
          107,
          88,
          62,
          63,
          63,
          56,
          56,
          75,
          69,
          84,
          111,
          66,
          70,
          86,
          115,
          69,
          92,
          79,
          85,
          127,
          99,
          105,
          105,
          87,
          127,
          81,
          91,
          74,
          87,
          73,
          63,
          64,
          63,
          88,
          97,
          58,
          56,
          64,
          56,
          58,
          63,
          97,
          60,
          71,
          82,
          95,
          66,
          88,
          88,
          107,
          90,
          101,
          82,
          112,
          103,
          94,
          93,
          102,
          185,
          135,
          114,
          54,
          53,
          61,
          57,
          55,
          39,
          37,
          37,
          42,
          44,
          78,
          61,
          72,
          78
        ],
        "sjf_select_samples_ns": [
          0,
          0,
          0,
          0,
          0,
          0,
          0,
          265,
          0,
          241,
          0,
          219,
          0,
          187,
          0,
          183,
          0,
          204,
          0,
          203,
          0,
          0,
          0,
          0,
          0,
          0,
          0,
          0,
          0,
          0,
          231,
          468,
          256,
          420,
          256,
          196,
          210,
          236,
          390,
          309,
          310,
          205,
          144,
          277,
          0,
          0,
          0,
          0,
          0,
          0,
          0,
          0,
          0,
          0,
          0,
          457,
          216,
          252,
          390,
          221,
          305,
          318,
          426,
          233,
          229,
          224,
          415,
          281,
          0,
          0,
          0,
          0,
          0,
          0,
          0,
          0,
          0,
          0,
          0,
          467,
          469,
          197,
          475,
          240,
          355,
          221,
          536,
          204,
          286,
          188,
          262,
          226,
          0,
          0,
          262,
          0,
          0,
          0,
          0,
          0,
          0,
          0,
          0,
          758,
          449,
          483,
          430,
          332,
          237,
          107,
          108,
          86,
          89,
          61,
          61,
          250,
          0,
          0,
          0,
          0
        ],
        "attach_samples_ns": [
          0,
          0,
          0,
          0,
          0,
          0,
          0,
          1487,
          0,
          804,
          0,
          635,
          0,
          700,
          0,
          657,
          0,
          702,
          0,
          792,
          0,
          0,
          0,
          0,
          0,
          0,
          0,
          0,
          0,
          0,
          911,
          1326,
          676,
          844,
          734,
          777,
          653,
          679,
          1103,
          959,
          1142,
          587,
          613,
          692,
          0,
          0,
          0,
          0,
          0,
          0,
          0,
          0,
          0,
          0,
          0,
          1353,
          612,
          665,
          1148,
          770,
          772,
          814,
          1125,
          753,
          731,
          718,
          1161,
          862,
          0,
          0,
          0,
          0,
          0,
          0,
          0,
          0,
          0,
          0,
          0,
          1297,
          955,
          533,
          915,
          538,
          854,
          527,
          1432,
          570,
          883,
          734,
          733,
          904,
          0,
          0,
          840,
          0,
          0,
          0,
          0,
          0,
          0,
          0,
          0,
          2612,
          1158,
          1195,
          1237,
          917,
          834,
          0,
          0,
          0,
          0,
          0,
          0,
          752,
          0,
          0,
          0,
          0
        ],
        "finish_install_samples_ns": [
          0,
          0,
          0,
          0,
          0,
          0,
          0,
          0,
          0,
          13644,
          0,
          7249,
          0,
          6764,
          0,
          6890,
          0,
          6687,
          0,
          0,
          0,
          0,
          0,
          0,
          0,
          0,
          0,
          0,
          0,
          0,
          0,
          7250,
          5666,
          7070,
          6147,
          5819,
          6086,
          6022,
          10959,
          5402,
          5697,
          5243,
          5212,
          0,
          0,
          0,
          0,
          0,
          0,
          0,
          0,
          0,
          0,
          0,
          0,
          6826,
          5017,
          4983,
          9751,
          4717,
          4815,
          4936,
          9717,
          4835,
          4948,
          4965,
          9561,
          0,
          0,
          0,
          0,
          0,
          0,
          0,
          0,
          0,
          0,
          0,
          0,
          6265,
          8742,
          4304,
          8713,
          4291,
          8531,
          4340,
          11006,
          4335,
          8507,
          4485,
          8906,
          0,
          0,
          0,
          0,
          0,
          0,
          0,
          0,
          0,
          0,
          0,
          0,
          11916,
          7749,
          11494,
          11466,
          7870,
          7789,
          4066,
          0,
          0,
          0,
          0,
          0,
          0,
          0,
          0,
          0,
          0
        ],
        "non_nav_samples_ns": [
          1067603,
          1065466,
          1060172,
          1071550,
          1068371,
          1069581,
          1064583,
          1062141,
          1059171,
          149240,
          146123,
          153094,
          146191,
          145197,
          144292,
          143644,
          152408,
          146852,
          146135,
          146355,
          142956,
          141150,
          144214,
          142545,
          143992,
          1077569,
          1070340,
          1070747,
          1102076,
          1068388,
          1071726,
          1054812,
          1057233,
          1082235,
          1075864,
          1084873,
          1073708,
          1067186,
          1057228,
          1057632,
          1073841,
          147509,
          144840,
          148026,
          146039,
          156040,
          142863,
          143376,
          144160,
          143369,
          144924,
          143114,
          144190,
          142479,
          146028,
          148191,
          146019,
          1079925,
          1070981,
          1073023,
          1065172,
          1073907,
          1059505,
          1082748,
          1075857,
          1084411,
          1083703,
          1066245,
          1083735,
          1108942,
          1081910,
          1069571,
          1073804,
          150044,
          146212,
          156008,
          155381,
          156742,
          159338,
          160987,
          150395,
          158197,
          160584,
          157313,
          146817,
          145666,
          165599,
          157991,
          156977,
          1099521,
          1077453,
          1078194,
          1076688,
          1069134,
          1075540,
          1071318,
          1076743,
          1079711,
          1087833,
          1084603,
          1087451,
          1091648,
          1097719,
          1072241,
          1085732,
          150677,
          146488,
          146658,
          148324,
          145603,
          145326,
          142597,
          142568,
          140742,
          140644,
          155341,
          159236,
          155516,
          156087,
          142755
        ],
        "route_search_ns_per_pop_samples": [
          557,
          598,
          699,
          686,
          644,
          700,
          727,
          619,
          627,
          596,
          572,
          586,
          561,
          595,
          566,
          584,
          570,
          582,
          566,
          592,
          596,
          567,
          529,
          558,
          586,
          614,
          620,
          616,
          574,
          648,
          563,
          647,
          621,
          739,
          620,
          599,
          616,
          606,
          597,
          606,
          611,
          607,
          597,
          609,
          573,
          549,
          581,
          604,
          568,
          610,
          621,
          605,
          603,
          662,
          698,
          657,
          624,
          600,
          623,
          623,
          609,
          617,
          619,
          619,
          625,
          610,
          617,
          607,
          582,
          568,
          609,
          576,
          592,
          585,
          600,
          551,
          632,
          665,
          643,
          643,
          609,
          614,
          594,
          588,
          603,
          596,
          614,
          586,
          595,
          624,
          656,
          620,
          612,
          546,
          602,
          584,
          528,
          628,
          618,
          605,
          683,
          716,
          721,
          702,
          675,
          650,
          647,
          663,
          640,
          681,
          654,
          549,
          613,
          602,
          579
        ],
        "request_submissions_per_tick": [
          0,
          0,
          0,
          0,
          0,
          0,
          0,
          16,
          0,
          0,
          0,
          0,
          0,
          0,
          0,
          0,
          0,
          0,
          0,
          16,
          0,
          0,
          0,
          0,
          0,
          0,
          0,
          0,
          0,
          0,
          0,
          16,
          0,
          0,
          0,
          0,
          0,
          0,
          0,
          0,
          0,
          0,
          0,
          16,
          0,
          0,
          0,
          0,
          0,
          0,
          0,
          0,
          0,
          0,
          0,
          16,
          0,
          0,
          0,
          0,
          1,
          1,
          1,
          1,
          1,
          1,
          1,
          16,
          0,
          0,
          0,
          0,
          0,
          0,
          0,
          0,
          0,
          0,
          0,
          16,
          0,
          0,
          0,
          0,
          0,
          0,
          0,
          1,
          0,
          0,
          1,
          16,
          0,
          0,
          0,
          0,
          0,
          0,
          0,
          0,
          0,
          0,
          0,
          16,
          0,
          0,
          0,
          0,
          0,
          0,
          0,
          0,
          0,
          0,
          0,
          16,
          0,
          0,
          0,
          0
        ],
        "request_admissions_per_tick": [
          0,
          0,
          0,
          0,
          0,
          0,
          0,
          1,
          0,
          1,
          0,
          1,
          0,
          1,
          0,
          1,
          0,
          1,
          0,
          1,
          0,
          0,
          0,
          0,
          0,
          0,
          0,
          0,
          0,
          0,
          1,
          2,
          1,
          1,
          1,
          1,
          1,
          1,
          2,
          2,
          2,
          1,
          1,
          1,
          0,
          0,
          0,
          0,
          0,
          0,
          0,
          0,
          0,
          0,
          0,
          2,
          1,
          1,
          2,
          1,
          1,
          1,
          2,
          1,
          1,
          1,
          2,
          1,
          0,
          0,
          0,
          0,
          0,
          0,
          0,
          0,
          0,
          0,
          0,
          2,
          2,
          1,
          2,
          1,
          2,
          1,
          2,
          1,
          2,
          1,
          1,
          1,
          0,
          0,
          1,
          0,
          0,
          0,
          0,
          0,
          0,
          0,
          0,
          4,
          2,
          3,
          3,
          2,
          2,
          0,
          0,
          0,
          0,
          0,
          0,
          1,
          0,
          0,
          0,
          0
        ],
        "route_completions_per_tick": [
          0,
          0,
          0,
          0,
          0,
          0,
          0,
          0,
          0,
          1,
          0,
          1,
          0,
          1,
          0,
          1,
          0,
          1,
          0,
          0,
          0,
          0,
          0,
          0,
          0,
          0,
          0,
          0,
          0,
          0,
          0,
          1,
          1,
          1,
          1,
          1,
          1,
          1,
          2,
          1,
          1,
          1,
          1,
          0,
          0,
          0,
          0,
          0,
          0,
          0,
          0,
          0,
          0,
          0,
          0,
          1,
          1,
          1,
          2,
          1,
          1,
          1,
          2,
          1,
          1,
          1,
          2,
          0,
          0,
          0,
          0,
          0,
          0,
          0,
          0,
          0,
          0,
          0,
          0,
          1,
          2,
          1,
          2,
          1,
          2,
          1,
          2,
          1,
          2,
          1,
          2,
          0,
          0,
          0,
          0,
          0,
          0,
          0,
          0,
          0,
          0,
          0,
          0,
          3,
          2,
          3,
          3,
          2,
          2,
          1,
          0,
          0,
          0,
          0,
          0,
          0,
          0,
          0,
          0,
          0
        ],
        "weight_refreshes_per_tick": [
          1,
          1,
          1,
          1,
          1,
          1,
          1,
          1,
          1,
          0,
          0,
          0,
          0,
          0,
          0,
          0,
          0,
          0,
          0,
          0,
          0,
          0,
          0,
          0,
          0,
          1,
          1,
          1,
          1,
          1,
          1,
          1,
          1,
          1,
          1,
          1,
          1,
          1,
          1,
          1,
          1,
          0,
          0,
          0,
          0,
          0,
          0,
          0,
          0,
          0,
          0,
          0,
          0,
          0,
          0,
          0,
          0,
          1,
          1,
          1,
          1,
          1,
          1,
          1,
          1,
          1,
          1,
          1,
          1,
          1,
          1,
          1,
          1,
          0,
          0,
          0,
          0,
          0,
          0,
          0,
          0,
          0,
          0,
          0,
          0,
          0,
          0,
          0,
          0,
          1,
          1,
          1,
          1,
          1,
          1,
          1,
          1,
          1,
          1,
          1,
          1,
          1,
          1,
          1,
          1,
          0,
          0,
          0,
          0,
          0,
          0,
          0,
          0,
          0,
          0,
          0,
          0,
          0,
          0,
          0
        ],
        "p50_ns": 875960,
        "p95_ns": 2277009,
        "max_ns": 2366087,
        "nav_p50_ns": 731036,
        "nav_p95_ns": 1198428,
        "nav_max_ns": 1283852,
        "route_search_p50_ns": 621167,
        "route_search_p95_ns": 716781,
        "route_search_max_ns": 757014,
        "route_search_ns_per_pop_p50": 609,
        "route_search_ns_per_pop_p95": 700,
        "request_overhead_p50_ns": 125,
        "request_overhead_p95_ns": 11473,
        "request_overhead_max_ns": 17001,
        "weight_refresh_p50_ns": 0,
        "weight_refresh_p95_ns": 452258,
        "weight_refresh_max_ns": 487059,
        "waypoint_p50_ns": 21608,
        "waypoint_p95_ns": 80240,
        "waypoint_max_ns": 90360,
        "route_advance_p50_ns": 782,
        "route_advance_p95_ns": 1192,
        "route_advance_max_ns": 1335,
        "steering_p50_ns": 19462,
        "steering_p95_ns": 39184,
        "steering_max_ns": 49067,
        "follower_p95_ns": 99795,
        "weapon_p95_ns": 117712,
        "danger_p95_ns": 1388261,
        "planning_p95_ns": 717494,
        "request_submit_p95_ns": 1244,
        "restart_p95_ns": 127,
        "sjf_select_p95_ns": 467,
        "attach_p95_ns": 1237,
        "finish_install_p95_ns": 9751,
        "finish_install_max_ns": 13644,
        "non_nav_p50_ns": 159338,
        "non_nav_p95_ns": 1087451,
        "non_nav_max_ns": 1108942,
        "p95_limit_ns": 4000000,
        "max_limit_ns": 5000000,
        "pass": true
      },
      {
        "roster_size": 16,
        "scenario": "stuck_replans",
        "warmups": 5,
        "sample_count": 120,
        "samples_ns": [
          2117659,
          2131766,
          2294006,
          2308872,
          2239356,
          2270685,
          2456574,
          2274657,
          3115810,
          1041978,
          962593,
          803338,
          725895,
          770952,
          756033,
          760293,
          806098,
          801742,
          881850,
          853746,
          804458,
          861385,
          856503,
          839121,
          823894,
          2279623,
          2084754,
          2070085,
          2109679,
          2130096,
          2121221,
          2080513,
          2144120,
          2232738,
          2218555,
          2219373,
          2228902,
          2252346,
          2208438,
          2191536,
          2240503,
          859672,
          865612,
          890410,
          889037,
          876073,
          883417,
          892752,
          906149,
          906740,
          894987,
          903520,
          922134,
          879499,
          890660,
          911069,
          813579,
          2211471,
          2089872,
          2039192,
          2082870,
          2136556,
          2158255,
          2082113,
          2109289,
          2193047,
          2176118,
          2225230,
          2214119,
          2196498,
          2198356,
          2255360,
          2214965,
          849451,
          847787,
          891754,
          866425,
          862047,
          897813,
          883122,
          889035,
          904201,
          937132,
          895093,
          886487,
          868824,
          924095,
          903383,
          824790,
          2223200,
          2076859,
          2078538,
          2088698,
          2126881,
          2108836,
          2081562,
          2101928,
          2171572,
          2197055,
          2203792,
          2697739,
          2333561,
          2268117,
          2211549,
          2306832,
          1095640,
          933147,
          880239,
          885653,
          881983,
          912655,
          902317,
          913863,
          920479,
          904735,
          1006300,
          971904,
          888496,
          896920,
          902820
        ],
        "pops_per_tick": [
          1024,
          1024,
          1024,
          1024,
          1024,
          1024,
          1024,
          1024,
          1024,
          1024,
          1024,
          1024,
          1024,
          1024,
          1024,
          1024,
          1024,
          1024,
          1024,
          1024,
          1024,
          1024,
          1024,
          1024,
          1024,
          1024,
          1024,
          1024,
          1024,
          1024,
          1024,
          1024,
          1024,
          1024,
          1024,
          1024,
          1024,
          1024,
          1024,
          1024,
          1024,
          1024,
          1024,
          1024,
          1024,
          1024,
          1024,
          1024,
          1024,
          1024,
          1024,
          1024,
          1024,
          1024,
          1024,
          1024,
          1024,
          1024,
          1024,
          1024,
          1024,
          1024,
          1024,
          1024,
          1024,
          1024,
          1024,
          1024,
          1024,
          1024,
          1024,
          1024,
          1024,
          1024,
          1024,
          1024,
          1024,
          1024,
          1024,
          1024,
          1024,
          1024,
          1024,
          1024,
          1024,
          1024,
          1024,
          1024,
          1024,
          1024,
          1024,
          1024,
          1024,
          1024,
          1024,
          1024,
          1024,
          1024,
          1024,
          1024,
          1024,
          1024,
          1024,
          1024,
          1024,
          1024,
          1024,
          1024,
          1024,
          1024,
          1024,
          1024,
          1024,
          1024,
          1024,
          1024,
          1024,
          1024,
          1024,
          1024
        ],
        "nav_samples_ns": [
          1064838,
          1079295,
          1224841,
          1236460,
          1180702,
          1210798,
          1391875,
          1207055,
          1830252,
          889557,
          807097,
          656324,
          584583,
          629544,
          615739,
          620708,
          666794,
          655001,
          739192,
          712947,
          662599,
          719277,
          713817,
          699097,
          681411,
          1181993,
          1021042,
          1016633,
          1038863,
          1070909,
          1064918,
          1028268,
          1077030,
          1179345,
          1155071,
          1144821,
          1166530,
          1186765,
          1157653,
          1119813,
          1164049,
          714971,
          723150,
          747849,
          744772,
          732786,
          741073,
          750920,
          763976,
          764597,
          753994,
          760497,
          770096,
          737502,
          749059,
          756047,
          657637,
          1151810,
          1012045,
          985885,
          1018717,
          1070824,
          1105296,
          1029334,
          1049403,
          1117585,
          1120496,
          1099701,
          1148489,
          1144295,
          1131331,
          1123677,
          1139560,
          692195,
          693374,
          748901,
          710696,
          707496,
          741456,
          739143,
          737516,
          752756,
          786256,
          750127,
          744597,
          726657,
          782618,
          757710,
          682856,
          1161094,
          1018211,
          1008091,
          1035687,
          1052970,
          1049636,
          1020459,
          1051403,
          1121794,
          1119695,
          1139974,
          1624169,
          1262614,
          1149846,
          1131870,
          1205425,
          845032,
          745510,
          733971,
          729844,
          708712,
          730710,
          743387,
          759664,
          763575,
          748532,
          831267,
          820270,
          741030,
          741378,
          758202
        ],
        "route_search_samples_ns": [
          601847,
          604559,
          781198,
          770927,
          696328,
          750274,
          800193,
          741688,
          1070219,
          868129,
          786131,
          607855,
          564175,
          610973,
          596613,
          601253,
          647602,
          632885,
          719028,
          692377,
          641931,
          698494,
          691796,
          677777,
          659625,
          720109,
          550107,
          533116,
          600549,
          615939,
          588207,
          565528,
          614149,
          715049,
          700909,
          687096,
          711013,
          712727,
          692158,
          666966,
          704899,
          695458,
          703994,
          728386,
          725485,
          713697,
          721498,
          732031,
          744670,
          744973,
          735043,
          741265,
          751280,
          718343,
          730105,
          736407,
          638238,
          697990,
          559074,
          539870,
          561400,
          616294,
          661445,
          552469,
          581476,
          660644,
          658177,
          636450,
          692894,
          680859,
          657998,
          662017,
          672441,
          672717,
          674351,
          715033,
          690988,
          688233,
          722156,
          719669,
          718559,
          733720,
          767067,
          730396,
          725692,
          707619,
          763718,
          737132,
          663871,
          687659,
          555616,
          546312,
          573989,
          588144,
          596458,
          562959,
          598244,
          652818,
          659420,
          677132,
          1024317,
          780624,
          684513,
          666493,
          709652,
          809396,
          720508,
          714145,
          710346,
          689517,
          710779,
          723875,
          740872,
          744424,
          728787,
          809061,
          799675,
          721368,
          722405,
          738509
        ],
        "request_overhead_samples_ns": [
          140,
          124,
          69,
          69,
          113,
          110,
          182,
          133,
          253,
          142,
          156,
          29351,
          465,
          56,
          87,
          83,
          58,
          163,
          64,
          70,
          87,
          78,
          70,
          70,
          80,
          91,
          3622,
          68,
          55,
          60,
          98,
          82,
          77,
          60,
          65,
          112,
          56,
          80,
          81,
          85,
          55,
          88,
          66,
          76,
          77,
          56,
          64,
          70,
          66,
          151,
          85,
          57,
          59,
          47,
          61,
          71,
          62,
          83,
          2404,
          68,
          60,
          64,
          92,
          112,
          71,
          67,
          87,
          122,
          80,
          73,
          85,
          122,
          98,
          62,
          67,
          80,
          79,
          60,
          77,
          69,
          58,
          69,
          85,
          106,
          56,
          53,
          49,
          135,
          55,
          89,
          2952,
          85,
          87,
          83,
          77,
          82,
          84,
          82,
          98,
          96,
          187,
          219,
          117,
          149,
          184,
          186,
          164,
          88,
          107,
          92,
          72,
          71,
          78,
          80,
          67,
          127,
          110,
          107,
          79,
          71
        ],
        "weight_refresh_samples_ns": [
          442823,
          455101,
          424157,
          446014,
          449310,
          441032,
          571831,
          444777,
          738579,
          0,
          0,
          0,
          0,
          0,
          0,
          0,
          0,
          0,
          0,
          0,
          0,
          0,
          0,
          0,
          0,
          439998,
          447497,
          455537,
          418972,
          435813,
          457608,
          443329,
          443876,
          445027,
          433793,
          437996,
          435522,
          454359,
          445894,
          433304,
          439562,
          0,
          0,
          0,
          0,
          0,
          0,
          0,
          0,
          0,
          0,
          0,
          0,
          0,
          0,
          0,
          0,
          434955,
          430586,
          426912,
          437831,
          435506,
          424532,
          457316,
          448679,
          437962,
          442504,
          435605,
          435200,
          443630,
          453688,
          441969,
          447063,
          0,
          0,
          0,
          0,
          0,
          0,
          0,
          0,
          0,
          0,
          0,
          0,
          0,
          0,
          0,
          0,
          453689,
          439628,
          442544,
          442711,
          445789,
          434121,
          438117,
          433989,
          449773,
          440677,
          443203,
          578453,
          461098,
          443313,
          445255,
          475901,
          0,
          0,
          0,
          0,
          0,
          0,
          0,
          0,
          0,
          0,
          0,
          0,
          0,
          0,
          0
        ],
        "waypoint_samples_ns": [
          1191,
          1367,
          1111,
          1217,
          1304,
          974,
          1030,
          1264,
          1248,
          1529,
          1432,
          946,
          1898,
          1835,
          1996,
          2215,
          2579,
          4364,
          3329,
          3655,
          3892,
          4132,
          4540,
          4693,
          4942,
          5177,
          903,
          983,
          909,
          761,
          749,
          768,
          626,
          776,
          1184,
          1155,
          964,
          887,
          949,
          830,
          861,
          812,
          631,
          744,
          665,
          758,
          882,
          670,
          607,
          766,
          701,
          702,
          676,
          776,
          682,
          748,
          787,
          693,
          883,
          784,
          782,
          669,
          965,
          1011,
          700,
          749,
          1009,
          835,
          962,
          880,
          816,
          929,
          1013,
          987,
          925,
          1084,
          1063,
          971,
          1118,
          907,
          733,
          871,
          829,
          1035,
          695,
          724,
          746,
          1159,
          741,
          909,
          985,
          708,
          669,
          617,
          701,
          697,
          659,
          826,
          955,
          877,
          1055,
          1270,
          1169,
          1062,
          888,
          1832,
          1366,
          942,
          947,
          813,
          893,
          931,
          823,
          898,
          897,
          993,
          1145,
          988,
          814,
          840
        ],
        "route_advance_samples_ns": [
          452,
          452,
          468,
          463,
          453,
          428,
          439,
          525,
          547,
          488,
          509,
          473,
          574,
          522,
          480,
          479,
          461,
          541,
          481,
          494,
          488,
          482,
          499,
          482,
          491,
          495,
          465,
          468,
          452,
          436,
          419,
          452,
          417,
          433,
          449,
          441,
          438,
          422,
          429,
          424,
          431,
          433,
          420,
          416,
          418,
          420,
          417,
          411,
          411,
          430,
          412,
          428,
          438,
          432,
          437,
          472,
          455,
          449,
          495,
          458,
          441,
          446,
          425,
          429,
          432,
          426,
          463,
          440,
          504,
          458,
          454,
          468,
          479,
          452,
          424,
          434,
          475,
          453,
          457,
          437,
          448,
          434,
          447,
          507,
          437,
          444,
          443,
          486,
          446,
          455,
          438,
          428,
          426,
          428,
          428,
          458,
          409,
          445,
          427,
          441,
          500,
          462,
          544,
          470,
          431,
          808,
          601,
          416,
          420,
          453,
          452,
          460,
          456,
          476,
          422,
          513,
          551,
          476,
          409,
          421
        ],
        "steering_samples_ns": [
          18385,
          17692,
          17838,
          17770,
          33194,
          17980,
          18200,
          18668,
          19406,
          19269,
          18869,
          17699,
          17471,
          16158,
          16563,
          16678,
          16094,
          17048,
          16290,
          16351,
          16201,
          16091,
          16912,
          16075,
          16273,
          16123,
          18448,
          26461,
          17926,
          17900,
          17837,
          18109,
          17885,
          18000,
          18671,
          18021,
          18537,
          18290,
          18142,
          18204,
          18241,
          18180,
          18039,
          18227,
          18127,
          17855,
          18212,
          17738,
          18222,
          18277,
          17753,
          18045,
          17643,
          17904,
          17774,
          18349,
          18095,
          17640,
          18603,
          17793,
          18203,
          17845,
          17837,
          17997,
          18045,
          17737,
          18256,
          26249,
          18849,
          18395,
          18290,
          18172,
          18466,
          17977,
          17607,
          32270,
          18091,
          17779,
          17648,
          18061,
          17718,
          17662,
          17828,
          18083,
          17717,
          17817,
          17662,
          18798,
          17743,
          18293,
          18592,
          18014,
          17805,
          17909,
          17851,
          18146,
          18018,
          17850,
          18118,
          18225,
          19657,
          18941,
          20190,
          18441,
          18369,
          32810,
          22871,
          18380,
          18024,
          17837,
          18514,
          18050,
          17435,
          17697,
          18359,
          20573,
          18789,
          18091,
          17671,
          18361
        ],
        "follower_samples_ns": [
          32748,
          31934,
          31920,
          32475,
          47889,
          31777,
          32221,
          33646,
          34942,
          34976,
          35288,
          32225,
          33234,
          31898,
          31886,
          31867,
          31337,
          35594,
          32539,
          32735,
          33199,
          33076,
          34351,
          33464,
          34095,
          34141,
          32462,
          40374,
          42576,
          31438,
          31278,
          31758,
          31153,
          31500,
          33369,
          32164,
          32697,
          32157,
          32266,
          32075,
          32312,
          32049,
          31352,
          31654,
          31922,
          31499,
          31748,
          31170,
          31614,
          31839,
          31173,
          31536,
          31676,
          31627,
          31480,
          32209,
          31917,
          31432,
          32889,
          31587,
          39051,
          31519,
          31656,
          32035,
          31561,
          31286,
          32270,
          40240,
          33269,
          32393,
          32349,
          32333,
          32945,
          43576,
          31172,
          46139,
          32039,
          31392,
          31432,
          32220,
          32237,
          32276,
          32318,
          32492,
          31244,
          31454,
          31299,
          33686,
          31673,
          32327,
          32718,
          31622,
          31488,
          31384,
          31424,
          31802,
          31325,
          31518,
          32077,
          32090,
          41676,
          33814,
          36210,
          32884,
          32311,
          57005,
          41698,
          32459,
          32664,
          32244,
          51663,
          47186,
          32050,
          32573,
          32988,
          36633,
          34302,
          32637,
          32196,
          32309
        ],
        "weapon_samples_ns": [
          102938,
          103290,
          116143,
          103639,
          104541,
          104725,
          103208,
          105430,
          124183,
          107810,
          109629,
          105311,
          102162,
          101395,
          100821,
          100516,
          100495,
          103303,
          101978,
          101669,
          101766,
          102435,
          102101,
          101252,
          103156,
          102044,
          103888,
          104197,
          102838,
          103444,
          102189,
          102995,
          103164,
          103352,
          104875,
          103817,
          104181,
          103297,
          103981,
          104134,
          116988,
          104389,
          103447,
          103119,
          103804,
          103358,
          103301,
          102672,
          102913,
          102725,
          102067,
          103454,
          111077,
          102876,
          102845,
          115333,
          116315,
          103312,
          105120,
          105134,
          105224,
          103626,
          104196,
          104359,
          103418,
          114459,
          103834,
          105645,
          105194,
          104354,
          103824,
          105036,
          105789,
          104570,
          114962,
          103421,
          115982,
          114580,
          116897,
          103291,
          107325,
          107772,
          109617,
          104611,
          102722,
          102819,
          102118,
          104441,
          102554,
          103472,
          118439,
          104077,
          103695,
          103321,
          119782,
          103793,
          103302,
          104064,
          103318,
          104838,
          106067,
          105851,
          118346,
          105168,
          104591,
          182150,
          134492,
          105652,
          110626,
          128513,
          116870,
          103971,
          109234,
          111444,
          110968,
          123808,
          108653,
          106250,
          110506,
          104015
        ],
        "danger_samples_ns": [
          1358894,
          1371262,
          1343891,
          1380681,
          1369268,
          1362330,
          1498809,
          1371999,
          1860897,
          7632,
          7317,
          6783,
          6391,
          6460,
          6356,
          6298,
          6014,
          7343,
          6838,
          6435,
          6887,
          6426,
          6734,
          6270,
          6348,
          1402722,
          1373248,
          1371054,
          1342306,
          1358853,
          1378823,
          1359122,
          1374430,
          1361904,
          1351410,
          1374320,
          1359669,
          1383381,
          1359187,
          1366923,
          1364482,
          6894,
          6757,
          6724,
          6884,
          6862,
          6862,
          6706,
          6616,
          6587,
          6506,
          6868,
          6712,
          6640,
          6509,
          6813,
          6933,
          1347412,
          1368881,
          1342245,
          1356664,
          1353964,
          1340530,
          1373091,
          1372002,
          1365210,
          1360680,
          1421429,
          1360381,
          1356881,
          1383261,
          1434691,
          1382062,
          7061,
          6609,
          6662,
          6680,
          6804,
          6857,
          6945,
          9978,
          9513,
          6935,
          7078,
          6617,
          6547,
          6469,
          7397,
          6606,
          1378442,
          1345390,
          1375716,
          1358810,
          1383406,
          1339874,
          1361888,
          1348432,
          1362569,
          1369506,
          1368272,
          1503727,
          1390745,
          1406086,
          1385331,
          1438705,
          12190,
          10764,
          7184,
          9780,
          10017,
          9818,
          6673,
          9938,
          10162,
          9676,
          12046,
          7218,
          7226,
          9888,
          6893
        ],
        "planning_samples_ns": [
          602646,
          605412,
          781956,
          772012,
          697132,
          751098,
          801428,
          742517,
          1072754,
          869490,
          787054,
          638399,
          564706,
          611654,
          597165,
          601799,
          648311,
          633778,
          719622,
          692958,
          642561,
          699186,
          692568,
          678402,
          660221,
          720873,
          554598,
          533758,
          601297,
          616589,
          588925,
          566241,
          614828,
          715738,
          701629,
          688044,
          711644,
          713543,
          692854,
          667784,
          705665,
          696138,
          704599,
          729029,
          726162,
          714319,
          722023,
          732605,
          745307,
          745951,
          735652,
          741845,
          751930,
          718862,
          730660,
          737052,
          638875,
          698708,
          562735,
          540512,
          562052,
          617036,
          662142,
          553239,
          582148,
          661371,
          658894,
          637358,
          693715,
          681656,
          658866,
          662946,
          673167,
          673330,
          674959,
          715705,
          691670,
          688860,
          722976,
          720412,
          719194,
          734354,
          767840,
          731154,
          726252,
          708178,
          764429,
          737918,
          664555,
          688377,
          559528,
          547086,
          574641,
          588828,
          597206,
          563694,
          598929,
          653450,
          660227,
          678171,
          1025708,
          781894,
          685437,
          667369,
          710758,
          810798,
          721451,
          714884,
          711271,
          690252,
          711610,
          724545,
          741573,
          745196,
          729526,
          810044,
          800625,
          722157,
          723144,
          739161
        ],
        "request_submit_samples_ns": [
          0,
          0,
          0,
          0,
          0,
          0,
          0,
          0,
          0,
          0,
          0,
          0,
          401,
          0,
          0,
          0,
          0,
          0,
          0,
          0,
          0,
          0,
          0,
          0,
          0,
          0,
          0,
          0,
          0,
          0,
          0,
          0,
          0,
          0,
          0,
          0,
          0,
          0,
          0,
          0,
          0,
          0,
          0,
          0,
          0,
          0,
          0,
          0,
          0,
          0,
          0,
          0,
          0,
          0,
          0,
          0,
          0,
          0,
          0,
          0,
          0,
          0,
          0,
          0,
          0,
          0,
          0,
          0,
          0,
          0,
          0,
          0,
          0,
          0,
          0,
          0,
          0,
          0,
          0,
          0,
          0,
          0,
          0,
          0,
          0,
          0,
          0,
          0,
          0,
          0,
          0,
          0,
          0,
          0,
          0,
          0,
          0,
          0,
          0,
          0,
          0,
          0,
          0,
          0,
          0,
          0,
          0,
          0,
          0,
          0,
          0,
          0,
          0,
          0,
          0,
          0,
          0,
          0,
          0,
          0
        ],
        "restart_samples_ns": [
          140,
          124,
          69,
          69,
          113,
          110,
          182,
          133,
          253,
          142,
          156,
          67,
          64,
          56,
          87,
          83,
          58,
          163,
          64,
          70,
          87,
          78,
          70,
          70,
          80,
          91,
          99,
          68,
          55,
          60,
          98,
          82,
          77,
          60,
          65,
          112,
          56,
          80,
          81,
          85,
          55,
          88,
          66,
          76,
          77,
          56,
          64,
          70,
          66,
          151,
          85,
          57,
          59,
          47,
          61,
          71,
          62,
          83,
          134,
          68,
          60,
          64,
          92,
          112,
          71,
          67,
          87,
          122,
          80,
          73,
          85,
          122,
          98,
          62,
          67,
          80,
          79,
          60,
          77,
          69,
          58,
          69,
          85,
          106,
          56,
          53,
          49,
          135,
          55,
          89,
          82,
          85,
          87,
          83,
          77,
          82,
          84,
          82,
          98,
          96,
          187,
          219,
          117,
          149,
          184,
          186,
          164,
          88,
          107,
          92,
          72,
          71,
          78,
          80,
          67,
          127,
          110,
          107,
          79,
          71
        ],
        "sjf_select_samples_ns": [
          0,
          0,
          0,
          0,
          0,
          0,
          0,
          0,
          0,
          0,
          0,
          308,
          0,
          0,
          0,
          0,
          0,
          0,
          0,
          0,
          0,
          0,
          0,
          0,
          0,
          0,
          290,
          0,
          0,
          0,
          0,
          0,
          0,
          0,
          0,
          0,
          0,
          0,
          0,
          0,
          0,
          0,
          0,
          0,
          0,
          0,
          0,
          0,
          0,
          0,
          0,
          0,
          0,
          0,
          0,
          0,
          0,
          0,
          376,
          0,
          0,
          0,
          0,
          0,
          0,
          0,
          0,
          0,
          0,
          0,
          0,
          0,
          0,
          0,
          0,
          0,
          0,
          0,
          0,
          0,
          0,
          0,
          0,
          0,
          0,
          0,
          0,
          0,
          0,
          0,
          227,
          0,
          0,
          0,
          0,
          0,
          0,
          0,
          0,
          0,
          0,
          0,
          0,
          0,
          0,
          0,
          0,
          0,
          0,
          0,
          0,
          0,
          0,
          0,
          0,
          0,
          0,
          0,
          0,
          0
        ],
        "attach_samples_ns": [
          0,
          0,
          0,
          0,
          0,
          0,
          0,
          0,
          0,
          0,
          0,
          2789,
          0,
          0,
          0,
          0,
          0,
          0,
          0,
          0,
          0,
          0,
          0,
          0,
          0,
          0,
          3233,
          0,
          0,
          0,
          0,
          0,
          0,
          0,
          0,
          0,
          0,
          0,
          0,
          0,
          0,
          0,
          0,
          0,
          0,
          0,
          0,
          0,
          0,
          0,
          0,
          0,
          0,
          0,
          0,
          0,
          0,
          0,
          1894,
          0,
          0,
          0,
          0,
          0,
          0,
          0,
          0,
          0,
          0,
          0,
          0,
          0,
          0,
          0,
          0,
          0,
          0,
          0,
          0,
          0,
          0,
          0,
          0,
          0,
          0,
          0,
          0,
          0,
          0,
          0,
          2643,
          0,
          0,
          0,
          0,
          0,
          0,
          0,
          0,
          0,
          0,
          0,
          0,
          0,
          0,
          0,
          0,
          0,
          0,
          0,
          0,
          0,
          0,
          0,
          0,
          0,
          0,
          0,
          0,
          0
        ],
        "finish_install_samples_ns": [
          0,
          0,
          0,
          0,
          0,
          0,
          0,
          0,
          0,
          0,
          0,
          26187,
          0,
          0,
          0,
          0,
          0,
          0,
          0,
          0,
          0,
          0,
          0,
          0,
          0,
          0,
          0,
          0,
          0,
          0,
          0,
          0,
          0,
          0,
          0,
          0,
          0,
          0,
          0,
          0,
          0,
          0,
          0,
          0,
          0,
          0,
          0,
          0,
          0,
          0,
          0,
          0,
          0,
          0,
          0,
          0,
          0,
          0,
          0,
          0,
          0,
          0,
          0,
          0,
          0,
          0,
          0,
          0,
          0,
          0,
          0,
          0,
          0,
          0,
          0,
          0,
          0,
          0,
          0,
          0,
          0,
          0,
          0,
          0,
          0,
          0,
          0,
          0,
          0,
          0,
          0,
          0,
          0,
          0,
          0,
          0,
          0,
          0,
          0,
          0,
          0,
          0,
          0,
          0,
          0,
          0,
          0,
          0,
          0,
          0,
          0,
          0,
          0,
          0,
          0,
          0,
          0,
          0,
          0,
          0
        ],
        "non_nav_samples_ns": [
          1052821,
          1052471,
          1069165,
          1072412,
          1058654,
          1059887,
          1064699,
          1067602,
          1285558,
          152421,
          155496,
          147014,
          141312,
          141408,
          140294,
          139585,
          139304,
          146741,
          142658,
          140799,
          141859,
          142108,
          142686,
          140024,
          142483,
          1097630,
          1063712,
          1053452,
          1070816,
          1059187,
          1056303,
          1052245,
          1067090,
          1053393,
          1063484,
          1074552,
          1062372,
          1065581,
          1050785,
          1071723,
          1076454,
          144701,
          142462,
          142561,
          144265,
          143287,
          142344,
          141832,
          142173,
          142143,
          140993,
          143023,
          152038,
          141997,
          141601,
          155022,
          155942,
          1059661,
          1077827,
          1053307,
          1064153,
          1065732,
          1052959,
          1052779,
          1059886,
          1075462,
          1055622,
          1125529,
          1065630,
          1052203,
          1067025,
          1131683,
          1075405,
          157256,
          154413,
          142853,
          155729,
          154551,
          156357,
          143979,
          151519,
          151445,
          150876,
          144966,
          141890,
          142167,
          141477,
          145673,
          141934,
          1062106,
          1058648,
          1070447,
          1053011,
          1073911,
          1059200,
          1061103,
          1050525,
          1049778,
          1077360,
          1063818,
          1073570,
          1070947,
          1118271,
          1079679,
          1101407,
          250608,
          187637,
          146268,
          155809,
          173271,
          181945,
          158930,
          154199,
          156904,
          156203,
          175033,
          151634,
          147466,
          155542,
          144618
        ],
        "route_search_ns_per_pop_samples": [
          587,
          590,
          762,
          752,
          680,
          732,
          781,
          724,
          1045,
          847,
          767,
          593,
          550,
          596,
          582,
          587,
          632,
          618,
          702,
          676,
          626,
          682,
          675,
          661,
          644,
          703,
          537,
          520,
          586,
          601,
          574,
          552,
          599,
          698,
          684,
          670,
          694,
          696,
          675,
          651,
          688,
          679,
          687,
          711,
          708,
          696,
          704,
          714,
          727,
          727,
          717,
          723,
          733,
          701,
          712,
          719,
          623,
          681,
          545,
          527,
          548,
          601,
          645,
          539,
          567,
          645,
          642,
          621,
          676,
          664,
          642,
          646,
          656,
          656,
          658,
          698,
          674,
          672,
          705,
          702,
          701,
          716,
          749,
          713,
          708,
          691,
          745,
          719,
          648,
          671,
          542,
          533,
          560,
          574,
          582,
          549,
          584,
          637,
          643,
          661,
          1000,
          762,
          668,
          650,
          693,
          790,
          703,
          697,
          693,
          673,
          694,
          706,
          723,
          726,
          711,
          790,
          780,
          704,
          705,
          721
        ],
        "request_submissions_per_tick": [
          0,
          0,
          0,
          0,
          0,
          0,
          0,
          0,
          0,
          0,
          0,
          0,
          1,
          0,
          0,
          0,
          0,
          0,
          0,
          0,
          0,
          0,
          0,
          0,
          0,
          0,
          0,
          0,
          0,
          0,
          0,
          0,
          0,
          0,
          0,
          0,
          0,
          0,
          0,
          0,
          0,
          0,
          0,
          0,
          0,
          0,
          0,
          0,
          0,
          0,
          0,
          0,
          0,
          0,
          0,
          0,
          0,
          0,
          0,
          0,
          0,
          0,
          0,
          0,
          0,
          0,
          0,
          0,
          0,
          0,
          0,
          0,
          0,
          0,
          0,
          0,
          0,
          0,
          0,
          0,
          0,
          0,
          0,
          0,
          0,
          0,
          0,
          0,
          0,
          0,
          0,
          0,
          0,
          0,
          0,
          0,
          0,
          0,
          0,
          0,
          0,
          0,
          0,
          0,
          0,
          0,
          0,
          0,
          0,
          0,
          0,
          0,
          0,
          0,
          0,
          0,
          0,
          0,
          0,
          0
        ],
        "request_admissions_per_tick": [
          0,
          0,
          0,
          0,
          0,
          0,
          0,
          0,
          0,
          0,
          0,
          1,
          0,
          0,
          0,
          0,
          0,
          0,
          0,
          0,
          0,
          0,
          0,
          0,
          0,
          0,
          1,
          0,
          0,
          0,
          0,
          0,
          0,
          0,
          0,
          0,
          0,
          0,
          0,
          0,
          0,
          0,
          0,
          0,
          0,
          0,
          0,
          0,
          0,
          0,
          0,
          0,
          0,
          0,
          0,
          0,
          0,
          0,
          1,
          0,
          0,
          0,
          0,
          0,
          0,
          0,
          0,
          0,
          0,
          0,
          0,
          0,
          0,
          0,
          0,
          0,
          0,
          0,
          0,
          0,
          0,
          0,
          0,
          0,
          0,
          0,
          0,
          0,
          0,
          0,
          1,
          0,
          0,
          0,
          0,
          0,
          0,
          0,
          0,
          0,
          0,
          0,
          0,
          0,
          0,
          0,
          0,
          0,
          0,
          0,
          0,
          0,
          0,
          0,
          0,
          0,
          0,
          0,
          0,
          0
        ],
        "route_completions_per_tick": [
          0,
          0,
          0,
          0,
          0,
          0,
          0,
          0,
          0,
          0,
          0,
          1,
          0,
          0,
          0,
          0,
          0,
          0,
          0,
          0,
          0,
          0,
          0,
          0,
          0,
          0,
          0,
          0,
          0,
          0,
          0,
          0,
          0,
          0,
          0,
          0,
          0,
          0,
          0,
          0,
          0,
          0,
          0,
          0,
          0,
          0,
          0,
          0,
          0,
          0,
          0,
          0,
          0,
          0,
          0,
          0,
          0,
          0,
          0,
          0,
          0,
          0,
          0,
          0,
          0,
          0,
          0,
          0,
          0,
          0,
          0,
          0,
          0,
          0,
          0,
          0,
          0,
          0,
          0,
          0,
          0,
          0,
          0,
          0,
          0,
          0,
          0,
          0,
          0,
          0,
          0,
          0,
          0,
          0,
          0,
          0,
          0,
          0,
          0,
          0,
          0,
          0,
          0,
          0,
          0,
          0,
          0,
          0,
          0,
          0,
          0,
          0,
          0,
          0,
          0,
          0,
          0,
          0,
          0,
          0
        ],
        "weight_refreshes_per_tick": [
          1,
          1,
          1,
          1,
          1,
          1,
          1,
          1,
          1,
          0,
          0,
          0,
          0,
          0,
          0,
          0,
          0,
          0,
          0,
          0,
          0,
          0,
          0,
          0,
          0,
          1,
          1,
          1,
          1,
          1,
          1,
          1,
          1,
          1,
          1,
          1,
          1,
          1,
          1,
          1,
          1,
          0,
          0,
          0,
          0,
          0,
          0,
          0,
          0,
          0,
          0,
          0,
          0,
          0,
          0,
          0,
          0,
          1,
          1,
          1,
          1,
          1,
          1,
          1,
          1,
          1,
          1,
          1,
          1,
          1,
          1,
          1,
          1,
          0,
          0,
          0,
          0,
          0,
          0,
          0,
          0,
          0,
          0,
          0,
          0,
          0,
          0,
          0,
          0,
          1,
          1,
          1,
          1,
          1,
          1,
          1,
          1,
          1,
          1,
          1,
          1,
          1,
          1,
          1,
          1,
          0,
          0,
          0,
          0,
          0,
          0,
          0,
          0,
          0,
          0,
          0,
          0,
          0,
          0,
          0
        ],
        "p50_ns": 971904,
        "p95_ns": 2294006,
        "max_ns": 3115810,
        "nav_p50_ns": 820270,
        "nav_p95_ns": 1210798,
        "nav_max_ns": 1830252,
        "route_search_p50_ns": 695458,
        "route_search_p95_ns": 799675,
        "route_search_max_ns": 1070219,
        "route_search_ns_per_pop_p50": 679,
        "route_search_ns_per_pop_p95": 780,
        "request_overhead_p50_ns": 80,
        "request_overhead_p95_ns": 219,
        "request_overhead_max_ns": 29351,
        "weight_refresh_p50_ns": 0,
        "weight_refresh_p95_ns": 457316,
        "weight_refresh_max_ns": 738579,
        "waypoint_p50_ns": 909,
        "waypoint_p95_ns": 3892,
        "waypoint_max_ns": 5177,
        "route_advance_p50_ns": 449,
        "route_advance_p95_ns": 541,
        "route_advance_max_ns": 808,
        "steering_p50_ns": 18039,
        "steering_p95_ns": 20573,
        "steering_max_ns": 33194,
        "follower_p95_ns": 42576,
        "weapon_p95_ns": 118439,
        "danger_p95_ns": 1406086,
        "planning_p95_ns": 800625,
        "request_submit_p95_ns": 0,
        "restart_p95_ns": 164,
        "sjf_select_p95_ns": 0,
        "attach_p95_ns": 0,
        "finish_install_p95_ns": 0,
        "finish_install_max_ns": 26187,
        "non_nav_p50_ns": 175033,
        "non_nav_p95_ns": 1079679,
        "non_nav_max_ns": 1285558,
        "p95_limit_ns": 4000000,
        "max_limit_ns": 5000000,
        "pass": true
      },
      {
        "roster_size": 32,
        "scenario": "first_goals",
        "warmups": 5,
        "sample_count": 120,
        "samples_ns": [
          2383160,
          2344772,
          2372100,
          2367368,
          2396485,
          2363523,
          2358023,
          2333197,
          2326778,
          2389047,
          2335132,
          2335671,
          2353610,
          2346281,
          2323450,
          2376853,
          2360389,
          2380811,
          2325022,
          2353247,
          2345605,
          2302902,
          2325339,
          2299596,
          2300960,
          2316222,
          2311296,
          2339126,
          2316412,
          2297007,
          2322341,
          2276571,
          2311980,
          2318839,
          2293804,
          2282111,
          2363042,
          2311537,
          2307997,
          2332107,
          2316260,
          2321898,
          2297511,
          2302266,
          2320445,
          2317400,
          2331607,
          2343843,
          2329844,
          2294144,
          2326953,
          2672666,
          2304883,
          2335859,
          2308585,
          2319907,
          2315774,
          2319080,
          2304032,
          2423025,
          2326911,
          2317648,
          2306569,
          2364273,
          2316768,
          2331681,
          2330759,
          2337111,
          2362992,
          2329284,
          2327148,
          2305264,
          2317307,
          2340395,
          2339064,
          2340350,
          2365301,
          2352988,
          2434252,
          2451452,
          2393919,
          2386822,
          2390611,
          2397977,
          2389603,
          2382249,
          2372588,
          2372336,
          2363559,
          2371160,
          2431320,
          2367137,
          2364441,
          2405416,
          2432668,
          2480181,
          2365469,
          2389212,
          2378112,
          2376279,
          2389993,
          2380594,
          2355809,
          2338295,
          2383628,
          2413485,
          2347743,
          2368565,
          2397067,
          2372718,
          2380918,
          2414238,
          2453009,
          2398603,
          2406545,
          2413324,
          2443722,
          2431734,
          2458530,
          2414032
        ],
        "pops_per_tick": [
          1024,
          1024,
          1024,
          1024,
          1024,
          1024,
          1024,
          1024,
          1024,
          1024,
          1024,
          1024,
          1024,
          1024,
          1024,
          1024,
          1024,
          1024,
          1024,
          1024,
          1024,
          1024,
          1024,
          1024,
          1024,
          1024,
          1024,
          1024,
          1024,
          1024,
          1024,
          1024,
          1024,
          1024,
          1024,
          1024,
          1024,
          1024,
          1024,
          1024,
          1024,
          1024,
          1024,
          1024,
          1024,
          1024,
          1024,
          1024,
          1024,
          1024,
          1024,
          1024,
          1024,
          1024,
          1024,
          1024,
          1024,
          1024,
          1024,
          1024,
          1024,
          1024,
          1024,
          1024,
          1024,
          1024,
          1024,
          1024,
          1024,
          1024,
          1024,
          1024,
          1024,
          1024,
          1024,
          1024,
          1024,
          1024,
          1024,
          1024,
          1024,
          1024,
          1024,
          1024,
          1024,
          1024,
          1024,
          1024,
          1024,
          1024,
          1024,
          1024,
          1024,
          1024,
          1024,
          1024,
          1024,
          1024,
          1024,
          1024,
          1024,
          1024,
          1024,
          1024,
          1024,
          1024,
          1024,
          1024,
          1024,
          1024,
          1024,
          1024,
          1024,
          1024,
          1024,
          1024,
          1024,
          1024,
          1024,
          1024
        ],
        "nav_samples_ns": [
          1151195,
          1124139,
          1133665,
          1138189,
          1158801,
          1131612,
          1114688,
          1108189,
          1095749,
          1121991,
          1112721,
          1111271,
          1135038,
          1115738,
          1109437,
          1127369,
          1118296,
          1139407,
          1101556,
          1115055,
          1128554,
          1086688,
          1093162,
          1078027,
          1079045,
          1086530,
          1082365,
          1098524,
          1089106,
          1067703,
          1093735,
          1056672,
          1076998,
          1083074,
          1080472,
          1068905,
          1115642,
          1085120,
          1090615,
          1102747,
          1099735,
          1088867,
          1084976,
          1086874,
          1094170,
          1095724,
          1090591,
          1097944,
          1100585,
          1078402,
          1107284,
          1098711,
          1078206,
          1099570,
          1096628,
          1100619,
          1085861,
          1093323,
          1080624,
          1187475,
          1117171,
          1103068,
          1083105,
          1119115,
          1091635,
          1111487,
          1097482,
          1113337,
          1115270,
          1089380,
          1105364,
          1095606,
          1090501,
          1101164,
          1117531,
          1127006,
          1133305,
          1135927,
          1192550,
          1158578,
          1174296,
          1167010,
          1138112,
          1151934,
          1169599,
          1139552,
          1128702,
          1137304,
          1147916,
          1142627,
          1133692,
          1150050,
          1128027,
          1163009,
          1203632,
          1191393,
          1137546,
          1139722,
          1163195,
          1145861,
          1156850,
          1148123,
          1144305,
          1113324,
          1149254,
          1168958,
          1127562,
          1131978,
          1149576,
          1151786,
          1147769,
          1154520,
          1237485,
          1179478,
          1180715,
          1185835,
          1231429,
          1183658,
          1196934,
          1178583
        ],
        "route_search_samples_ns": [
          618048,
          595592,
          592874,
          584205,
          594973,
          593253,
          587238,
          588889,
          570611,
          575496,
          587113,
          583340,
          581188,
          572214,
          567072,
          591886,
          585801,
          605526,
          571002,
          576967,
          576103,
          591227,
          591412,
          573975,
          588442,
          576780,
          589709,
          600681,
          579423,
          581373,
          575378,
          583820,
          585931,
          574705,
          579885,
          586717,
          586041,
          600647,
          582440,
          581016,
          593530,
          596320,
          583621,
          586832,
          597516,
          597532,
          595479,
          599671,
          589808,
          595527,
          609593,
          598887,
          598907,
          600693,
          599812,
          590372,
          601757,
          615410,
          591850,
          691905,
          596048,
          605198,
          605359,
          605790,
          603490,
          606289,
          601288,
          615256,
          606518,
          594539,
          603259,
          607664,
          613029,
          607572,
          613321,
          604119,
          621265,
          626457,
          631739,
          626859,
          620020,
          621669,
          609526,
          609863,
          623052,
          612472,
          603956,
          597620,
          604040,
          604623,
          605550,
          614941,
          613534,
          630704,
          667150,
          643027,
          615434,
          612246,
          616620,
          616264,
          610174,
          609784,
          621013,
          597490,
          614899,
          634180,
          612505,
          626772,
          620389,
          621566,
          609174,
          624420,
          633432,
          656021,
          648667,
          642590,
          680594,
          655676,
          654629,
          642555
        ],
        "request_overhead_samples_ns": [
          3998,
          3999,
          3858,
          4010,
          4272,
          3974,
          3930,
          3785,
          4103,
          3940,
          3928,
          4012,
          4006,
          4052,
          4033,
          3983,
          3989,
          3799,
          3961,
          3752,
          3996,
          4013,
          3974,
          3993,
          4182,
          3783,
          3942,
          3882,
          17658,
          3912,
          3866,
          3732,
          3827,
          3742,
          3841,
          3720,
          3936,
          3881,
          3812,
          3874,
          3835,
          3745,
          3944,
          3937,
          3747,
          3839,
          3849,
          3962,
          3978,
          3742,
          3828,
          4215,
          4120,
          4093,
          3934,
          3723,
          3775,
          4214,
          3848,
          3885,
          4014,
          3899,
          3744,
          3729,
          3847,
          3754,
          3771,
          3673,
          3750,
          3873,
          4095,
          3816,
          3754,
          3904,
          4164,
          3894,
          3946,
          3869,
          21267,
          4024,
          3848,
          3861,
          4322,
          4239,
          4066,
          3821,
          3900,
          3798,
          3859,
          4020,
          4135,
          3902,
          3846,
          3927,
          3919,
          4465,
          3814,
          4065,
          4070,
          4324,
          3918,
          3748,
          3829,
          3810,
          3792,
          3870,
          4011,
          4127,
          3834,
          3705,
          3884,
          3931,
          4192,
          3877,
          4085,
          3811,
          3977,
          4003,
          3885,
          3786
        ],
        "weight_refresh_samples_ns": [
          445432,
          441555,
          456844,
          467130,
          476666,
          451693,
          444740,
          431764,
          440388,
          455830,
          441949,
          427333,
          458606,
          457612,
          458106,
          446192,
          448502,
          447339,
          448094,
          452136,
          467097,
          440151,
          447887,
          448347,
          433459,
          454912,
          439451,
          444749,
          442078,
          432845,
          464989,
          419608,
          436826,
          454843,
          447200,
          427600,
          475431,
          430885,
          454974,
          467637,
          452173,
          439047,
          431451,
          446794,
          443565,
          443575,
          441391,
          444139,
          456806,
          429285,
          443605,
          444824,
          424596,
          444852,
          443141,
          456152,
          430039,
          423287,
          435381,
          441450,
          467103,
          444123,
          424693,
          459319,
          434170,
          451646,
          442919,
          427628,
          455741,
          441476,
          448053,
          433912,
          424382,
          440076,
          435130,
          454739,
          438795,
          438614,
          451271,
          446385,
          453093,
          461000,
          439418,
          456913,
          462834,
          439669,
          439194,
          454025,
          459227,
          452726,
          443016,
          448874,
          430856,
          444820,
          450635,
          443904,
          438904,
          436494,
          463505,
          443954,
          462334,
          451943,
          425624,
          431104,
          449593,
          448002,
          429164,
          420183,
          444776,
          442185,
          454826,
          444361,
          518281,
          437346,
          445388,
          444839,
          452074,
          440810,
          456269,
          448749
        ],
        "waypoint_samples_ns": [
          1481,
          1381,
          1419,
          1421,
          1408,
          1568,
          1453,
          1347,
          1377,
          1472,
          1386,
          1434,
          1439,
          1394,
          1410,
          1386,
          1406,
          1351,
          1377,
          1400,
          1403,
          1463,
          1512,
          1383,
          1961,
          1479,
          1523,
          1422,
          1472,
          1379,
          1551,
          1489,
          1535,
          1407,
          1412,
          1541,
          1526,
          1432,
          1329,
          1352,
          1478,
          1427,
          1440,
          1382,
          1417,
          1522,
          1432,
          1437,
          1464,
          1513,
          1445,
          1785,
          1490,
          1396,
          1366,
          1426,
          1456,
          1370,
          1396,
          1379,
          1569,
          1401,
          1404,
          1476,
          1392,
          1410,
          1542,
          1404,
          1357,
          1397,
          1486,
          1420,
          1418,
          1373,
          1362,
          1432,
          1413,
          1439,
          1507,
          1489,
          1450,
          1431,
          1513,
          1665,
          1524,
          1445,
          1453,
          1523,
          1435,
          1498,
          1443,
          1576,
          1410,
          1421,
          1514,
          2244,
          1343,
          1518,
          1423,
          1389,
          1670,
          1467,
          1363,
          1334,
          1446,
          1515,
          1496,
          1492,
          1398,
          1360,
          1388,
          1477,
          1465,
          1564,
          1607,
          1413,
          1387,
          1492,
          1378,
          1434
        ],
        "route_advance_samples_ns": [
          831,
          821,
          821,
          842,
          842,
          855,
          839,
          826,
          840,
          904,
          850,
          831,
          884,
          853,
          833,
          857,
          854,
          841,
          837,
          832,
          830,
          846,
          869,
          822,
          915,
          842,
          833,
          817,
          841,
          831,
          854,
          847,
          829,
          836,
          830,
          849,
          838,
          839,
          829,
          835,
          827,
          836,
          858,
          831,
          852,
          840,
          845,
          823,
          835,
          850,
          844,
          846,
          866,
          858,
          840,
          836,
          831,
          847,
          824,
          802,
          863,
          842,
          858,
          820,
          833,
          816,
          852,
          846,
          820,
          831,
          848,
          835,
          845,
          846,
          849,
          841,
          837,
          846,
          863,
          898,
          897,
          847,
          900,
          881,
          881,
          869,
          826,
          888,
          833,
          879,
          852,
          882,
          842,
          864,
          879,
          987,
          822,
          868,
          848,
          837,
          883,
          850,
          833,
          833,
          875,
          854,
          898,
          862,
          831,
          830,
          833,
          848,
          823,
          883,
          899,
          834,
          831,
          910,
          856,
          838
        ],
        "steering_samples_ns": [
          81405,
          80791,
          77849,
          80581,
          80640,
          80269,
          76488,
          81578,
          78430,
          84349,
          77495,
          94321,
          88915,
          79613,
          77983,
          83065,
          77744,
          80551,
          76285,
          79968,
          79125,
          48988,
          47508,
          49507,
          50086,
          48734,
          46907,
          46973,
          47634,
          47363,
          47097,
          47176,
          48050,
          47541,
          47304,
          48478,
          47870,
          47436,
          47231,
          48033,
          47892,
          47492,
          63662,
          47098,
          47073,
          48416,
          47595,
          47912,
          47694,
          47485,
          47969,
          48154,
          48227,
          47678,
          47535,
          48110,
          48003,
          48195,
          47325,
          48054,
          47574,
          47605,
          47047,
          47981,
          47903,
          47572,
          47110,
          64530,
          47084,
          47264,
          47623,
          47959,
          47073,
          47393,
          62705,
          61981,
          67049,
          64702,
          85903,
          78923,
          94988,
          78202,
          82433,
          78373,
          77242,
          81276,
          79373,
          79450,
          78522,
          78881,
          78696,
          79875,
          77539,
          81273,
          79535,
          96766,
          77229,
          84531,
          76729,
          79093,
          77871,
          80331,
          91643,
          78753,
          78649,
          80537,
          79488,
          78542,
          78348,
          82140,
          77664,
          79483,
          79292,
          79787,
          80069,
          92348,
          92566,
          80767,
          79917,
          81221
        ],
        "follower_samples_ns": [
          113243,
          112315,
          109410,
          112812,
          112492,
          112687,
          121701,
          113077,
          110090,
          118162,
          109301,
          125861,
          121040,
          111585,
          109553,
          115157,
          109539,
          111878,
          108160,
          111642,
          111305,
          81155,
          79838,
          80949,
          84052,
          80476,
          78648,
          78642,
          93137,
          79080,
          79628,
          78790,
          80223,
          78971,
          78920,
          80582,
          79691,
          79021,
          78670,
          79663,
          80184,
          79115,
          96206,
          78618,
          79098,
          80575,
          79631,
          79396,
          79453,
          79389,
          79823,
          81290,
          80376,
          79340,
          79130,
          79578,
          80049,
          79642,
          78848,
          79721,
          79502,
          79392,
          79170,
          79626,
          79786,
          79057,
          79408,
          95958,
          91978,
          79112,
          79319,
          79448,
          79133,
          92512,
          94232,
          93707,
          98484,
          96280,
          135884,
          111434,
          127122,
          110017,
          115839,
          110931,
          109399,
          113736,
          111597,
          111711,
          110211,
          111342,
          110627,
          112602,
          109147,
          113875,
          111883,
          135020,
          108906,
          117875,
          108888,
          110711,
          110633,
          112299,
          123302,
          110208,
          110909,
          112857,
          111917,
          110807,
          109977,
          113649,
          109677,
          111439,
          111545,
          112269,
          113515,
          123754,
          124112,
          112997,
          111604,
          113123
        ],
        "weapon_samples_ns": [
          220325,
          205019,
          212715,
          210826,
          211428,
          221631,
          206831,
          207552,
          206051,
          220263,
          208797,
          207991,
          223070,
          210994,
          207717,
          204886,
          204766,
          226466,
          213451,
          222640,
          207558,
          207043,
          223139,
          219320,
          208558,
          205417,
          211103,
          228373,
          210941,
          221072,
          212595,
          211669,
          224166,
          210834,
          205096,
          204480,
          217270,
          205331,
          203547,
          203978,
          205869,
          209012,
          209539,
          208624,
          210702,
          207703,
          219571,
          207865,
          207003,
          205176,
          205481,
          536274,
          219683,
          219688,
          206346,
          204846,
          204860,
          218039,
          218937,
          215540,
          205121,
          205804,
          223810,
          223194,
          210432,
          211325,
          213542,
          211287,
          211490,
          221861,
          207435,
          206296,
          219740,
          204779,
          205417,
          205487,
          211135,
          212607,
          220442,
          239805,
          212584,
          212438,
          219634,
          214804,
          212145,
          228134,
          222860,
          221990,
          206412,
          206042,
          209943,
          211396,
          224709,
          219776,
          220220,
          255421,
          213719,
          232224,
          210491,
          205992,
          207021,
          219264,
          208026,
          209048,
          206099,
          205084,
          206502,
          225632,
          226176,
          224944,
          206530,
          205782,
          204675,
          209605,
          215381,
          206586,
          206466,
          221995,
          223352,
          211590
        ],
        "danger_samples_ns": [
          1373028,
          1373179,
          1398949,
          1401707,
          1418585,
          1377254,
          1382440,
          1365085,
          1380726,
          1414599,
          1369619,
          1358804,
          1369377,
          1391928,
          1379900,
          1405778,
          1387856,
          1375335,
          1356431,
          1380831,
          1392017,
          1365713,
          1372371,
          1366478,
          1361024,
          1395115,
          1372765,
          1372773,
          1373638,
          1356056,
          1395998,
          1343688,
          1362577,
          1395238,
          1371444,
          1352137,
          1421751,
          1351016,
          1384703,
          1409212,
          1378910,
          1365804,
          1337573,
          1368828,
          1373482,
          1373280,
          1379201,
          1398036,
          1395296,
          1357068,
          1371690,
          1392680,
          1345704,
          1377604,
          1364064,
          1387276,
          1369880,
          1347109,
          1355009,
          1376531,
          1387058,
          1368546,
          1340268,
          1396990,
          1364710,
          1376391,
          1378149,
          1356248,
          1394733,
          1375463,
          1378991,
          1353412,
          1348329,
          1377451,
          1367061,
          1379258,
          1374685,
          1359428,
          1383585,
          1414917,
          1375630,
          1384175,
          1384945,
          1403644,
          1384743,
          1365564,
          1374412,
          1382589,
          1383908,
          1390888,
          1446365,
          1370398,
          1357946,
          1382777,
          1375028,
          1378567,
          1367579,
          1364520,
          1383969,
          1384075,
          1404338,
          1381104,
          1345031,
          1363340,
          1392847,
          1402209,
          1359115,
          1347421,
          1382490,
          1353356,
          1396417,
          1413685,
          1443710,
          1362901,
          1369445,
          1381834,
          1373447,
          1381445,
          1407913,
          1387655
        ],
        "planning_samples_ns": [
          620371,
          597860,
          595093,
          586520,
          597457,
          595479,
          589486,
          590965,
          572872,
          577629,
          589304,
          585686,
          583605,
          574574,
          569279,
          594184,
          588347,
          607699,
          573246,
          579103,
          578426,
          593458,
          593615,
          576293,
          591054,
          578970,
          591934,
          602901,
          581642,
          583625,
          577644,
          585885,
          588027,
          576842,
          582038,
          588910,
          588149,
          602869,
          584576,
          583547,
          595737,
          598400,
          585871,
          589057,
          599574,
          599609,
          597691,
          602039,
          592140,
          597726,
          611749,
          601342,
          601095,
          602984,
          602046,
          592460,
          604156,
          618200,
          593992,
          694170,
          598375,
          607288,
          607460,
          608319,
          605619,
          608379,
          603668,
          617281,
          608517,
          596620,
          605810,
          609766,
          615106,
          609732,
          615747,
          606285,
          623660,
          628659,
          634394,
          629562,
          622152,
          624007,
          611816,
          612447,
          625483,
          614556,
          606299,
          599864,
          606343,
          607218,
          608195,
          617282,
          615636,
          633015,
          669449,
          646003,
          617654,
          614484,
          618894,
          619360,
          612314,
          612091,
          623100,
          599888,
          617012,
          636592,
          614814,
          629138,
          622495,
          623679,
          611394,
          626624,
          636258,
          658292,
          650977,
          644897,
          682965,
          658188,
          656837,
          644848
        ],
        "request_submit_samples_ns": [
          2548,
          2570,
          2511,
          2555,
          2534,
          2521,
          2506,
          2489,
          2641,
          2649,
          2567,
          2525,
          2535,
          2517,
          2543,
          2573,
          2534,
          2495,
          2558,
          2486,
          2507,
          2586,
          2547,
          2577,
          2604,
          2513,
          2561,
          2516,
          16267,
          2555,
          2514,
          2483,
          2553,
          2524,
          2509,
          2425,
          2675,
          2550,
          2546,
          2522,
          2589,
          2526,
          2620,
          2574,
          2546,
          2554,
          2525,
          2503,
          2546,
          2373,
          2523,
          2649,
          2740,
          2720,
          2526,
          2446,
          2503,
          2427,
          2498,
          2577,
          2557,
          2617,
          2495,
          2436,
          2557,
          2509,
          2553,
          2451,
          2522,
          2580,
          2732,
          2500,
          2508,
          2582,
          2560,
          2539,
          2478,
          2535,
          19773,
          2556,
          2559,
          2495,
          2865,
          2564,
          2542,
          2597,
          2512,
          2490,
          2523,
          2580,
          2556,
          2572,
          2519,
          2551,
          2500,
          2911,
          2502,
          2699,
          2589,
          2505,
          2563,
          2525,
          2555,
          2523,
          2528,
          2540,
          2563,
          2540,
          2568,
          2501,
          2527,
          2539,
          2559,
          2589,
          2614,
          2481,
          2540,
          2508,
          2574,
          2528
        ],
        "restart_samples_ns": [
          70,
          54,
          54,
          58,
          57,
          56,
          52,
          50,
          83,
          88,
          47,
          38,
          48,
          54,
          58,
          53,
          54,
          63,
          55,
          51,
          50,
          57,
          56,
          54,
          165,
          70,
          64,
          78,
          60,
          57,
          61,
          63,
          58,
          54,
          76,
          55,
          54,
          61,
          52,
          50,
          51,
          51,
          51,
          55,
          51,
          53,
          52,
          59,
          137,
          50,
          50,
          83,
          61,
          53,
          53,
          54,
          50,
          59,
          51,
          51,
          115,
          58,
          53,
          67,
          87,
          67,
          49,
          51,
          55,
          55,
          51,
          52,
          54,
          57,
          53,
          54,
          52,
          56,
          129,
          129,
          95,
          92,
          86,
          60,
          67,
          55,
          72,
          56,
          85,
          53,
          85,
          36,
          47,
          41,
          58,
          99,
          44,
          58,
          37,
          93,
          72,
          49,
          42,
          84,
          39,
          92,
          58,
          90,
          43,
          44,
          38,
          36,
          108,
          48,
          62,
          59,
          59,
          60,
          34,
          49
        ],
        "sjf_select_samples_ns": [
          342,
          360,
          350,
          368,
          350,
          345,
          340,
          390,
          353,
          349,
          375,
          368,
          379,
          410,
          419,
          410,
          414,
          371,
          369,
          407,
          443,
          419,
          387,
          446,
          405,
          380,
          348,
          362,
          390,
          400,
          391,
          349,
          356,
          355,
          326,
          380,
          339,
          371,
          328,
          426,
          346,
          311,
          337,
          377,
          364,
          381,
          341,
          349,
          380,
          344,
          340,
          470,
          375,
          345,
          373,
          380,
          387,
          339,
          329,
          341,
          355,
          373,
          336,
          405,
          409,
          408,
          367,
          366,
          343,
          375,
          409,
          384,
          332,
          380,
          358,
          373,
          392,
          372,
          416,
          404,
          374,
          394,
          404,
          410,
          451,
          354,
          440,
          422,
          371,
          342,
          436,
          405,
          371,
          386,
          387,
          398,
          351,
          389,
          387,
          512,
          335,
          312,
          346,
          367,
          373,
          320,
          379,
          366,
          342,
          351,
          422,
          349,
          449,
          322,
          375,
          358,
          396,
          382,
          401,
          364
        ],
        "attach_samples_ns": [
          1038,
          1015,
          943,
          1029,
          1331,
          1052,
          1032,
          856,
          1026,
          854,
          939,
          1081,
          1044,
          1071,
          1013,
          947,
          987,
          870,
          979,
          808,
          996,
          951,
          984,
          916,
          1008,
          820,
          969,
          926,
          941,
          900,
          900,
          837,
          860,
          809,
          930,
          860,
          868,
          899,
          886,
          876,
          849,
          857,
          936,
          931,
          786,
          851,
          931,
          1051,
          915,
          975,
          915,
          1013,
          944,
          975,
          982,
          843,
          835,
          1389,
          970,
          916,
          987,
          851,
          860,
          821,
          794,
          770,
          802,
          805,
          830,
          863,
          903,
          880,
          860,
          885,
          1193,
          928,
          1024,
          906,
          949,
          935,
          820,
          880,
          967,
          1205,
          1006,
          815,
          876,
          830,
          880,
          1045,
          1058,
          889,
          909,
          949,
          974,
          1057,
          917,
          919,
          1057,
          1214,
          948,
          862,
          886,
          836,
          852,
          918,
          1011,
          1131,
          881,
          809,
          897,
          1007,
          1076,
          918,
          1034,
          913,
          982,
          1053,
          876,
          845
        ],
        "finish_install_samples_ns": [
          0,
          0,
          0,
          0,
          0,
          0,
          0,
          0,
          0,
          0,
          0,
          0,
          0,
          0,
          0,
          0,
          0,
          0,
          0,
          0,
          0,
          0,
          0,
          0,
          0,
          0,
          0,
          0,
          0,
          0,
          0,
          0,
          0,
          0,
          0,
          0,
          0,
          0,
          0,
          0,
          0,
          0,
          0,
          0,
          0,
          0,
          0,
          0,
          0,
          0,
          0,
          0,
          0,
          0,
          0,
          0,
          0,
          0,
          0,
          0,
          0,
          0,
          0,
          0,
          0,
          0,
          0,
          0,
          0,
          0,
          0,
          0,
          0,
          0,
          0,
          0,
          0,
          0,
          0,
          0,
          0,
          0,
          0,
          0,
          0,
          0,
          0,
          0,
          0,
          0,
          0,
          0,
          0,
          0,
          0,
          0,
          0,
          0,
          0,
          0,
          0,
          0,
          0,
          0,
          0,
          0,
          0,
          0,
          0,
          0,
          0,
          0,
          0,
          0,
          0,
          0,
          0,
          0,
          0,
          0
        ],
        "non_nav_samples_ns": [
          1231965,
          1220633,
          1238435,
          1229179,
          1237684,
          1231911,
          1243335,
          1225008,
          1231029,
          1267056,
          1222411,
          1224400,
          1218572,
          1230543,
          1214013,
          1249484,
          1242093,
          1241404,
          1223466,
          1238192,
          1217051,
          1216214,
          1232177,
          1221569,
          1221915,
          1229692,
          1228931,
          1240602,
          1227306,
          1229304,
          1228606,
          1219899,
          1234982,
          1235765,
          1213332,
          1213206,
          1247400,
          1226417,
          1217382,
          1229360,
          1216525,
          1233031,
          1212535,
          1215392,
          1226275,
          1221676,
          1241016,
          1245899,
          1229259,
          1215742,
          1219669,
          1573955,
          1226677,
          1236289,
          1211957,
          1219288,
          1229913,
          1225757,
          1223408,
          1235550,
          1209740,
          1214580,
          1223464,
          1245158,
          1225133,
          1220194,
          1233277,
          1223774,
          1247722,
          1239904,
          1221784,
          1209658,
          1226806,
          1239231,
          1221533,
          1213344,
          1231996,
          1217061,
          1241702,
          1292874,
          1219623,
          1219812,
          1252499,
          1246043,
          1220004,
          1242697,
          1243886,
          1235032,
          1215643,
          1228533,
          1297628,
          1217087,
          1236414,
          1242407,
          1229036,
          1288788,
          1227923,
          1249490,
          1214917,
          1230418,
          1233143,
          1232471,
          1211504,
          1224971,
          1234374,
          1244527,
          1220181,
          1236587,
          1247491,
          1220932,
          1233149,
          1259718,
          1215524,
          1219125,
          1225830,
          1227489,
          1212293,
          1248076,
          1261596,
          1235449
        ],
        "route_search_ns_per_pop_samples": [
          603,
          581,
          578,
          570,
          581,
          579,
          573,
          575,
          557,
          562,
          573,
          569,
          567,
          558,
          553,
          578,
          572,
          591,
          557,
          563,
          562,
          577,
          577,
          560,
          574,
          563,
          575,
          586,
          565,
          567,
          561,
          570,
          572,
          561,
          566,
          572,
          572,
          586,
          568,
          567,
          579,
          582,
          569,
          573,
          583,
          583,
          581,
          585,
          575,
          581,
          595,
          584,
          584,
          586,
          585,
          576,
          587,
          600,
          577,
          675,
          582,
          591,
          591,
          591,
          589,
          592,
          587,
          600,
          592,
          580,
          589,
          593,
          598,
          593,
          598,
          589,
          606,
          611,
          616,
          612,
          605,
          607,
          595,
          595,
          608,
          598,
          589,
          583,
          589,
          590,
          591,
          600,
          599,
          615,
          651,
          627,
          601,
          597,
          602,
          601,
          595,
          595,
          606,
          583,
          600,
          619,
          598,
          612,
          605,
          606,
          594,
          609,
          618,
          640,
          633,
          627,
          664,
          640,
          639,
          627
        ],
        "request_submissions_per_tick": [
          32,
          32,
          32,
          32,
          32,
          32,
          32,
          32,
          32,
          32,
          32,
          32,
          32,
          32,
          32,
          32,
          32,
          32,
          32,
          32,
          32,
          32,
          32,
          32,
          32,
          32,
          32,
          32,
          32,
          32,
          32,
          32,
          32,
          32,
          32,
          32,
          32,
          32,
          32,
          32,
          32,
          32,
          32,
          32,
          32,
          32,
          32,
          32,
          32,
          32,
          32,
          32,
          32,
          32,
          32,
          32,
          32,
          32,
          32,
          32,
          32,
          32,
          32,
          32,
          32,
          32,
          32,
          32,
          32,
          32,
          32,
          32,
          32,
          32,
          32,
          32,
          32,
          32,
          32,
          32,
          32,
          32,
          32,
          32,
          32,
          32,
          32,
          32,
          32,
          32,
          32,
          32,
          32,
          32,
          32,
          32,
          32,
          32,
          32,
          32,
          32,
          32,
          32,
          32,
          32,
          32,
          32,
          32,
          32,
          32,
          32,
          32,
          32,
          32,
          32,
          32,
          32,
          32,
          32,
          32
        ],
        "request_admissions_per_tick": [
          1,
          1,
          1,
          1,
          1,
          1,
          1,
          1,
          1,
          1,
          1,
          1,
          1,
          1,
          1,
          1,
          1,
          1,
          1,
          1,
          1,
          1,
          1,
          1,
          1,
          1,
          1,
          1,
          1,
          1,
          1,
          1,
          1,
          1,
          1,
          1,
          1,
          1,
          1,
          1,
          1,
          1,
          1,
          1,
          1,
          1,
          1,
          1,
          1,
          1,
          1,
          1,
          1,
          1,
          1,
          1,
          1,
          1,
          1,
          1,
          1,
          1,
          1,
          1,
          1,
          1,
          1,
          1,
          1,
          1,
          1,
          1,
          1,
          1,
          1,
          1,
          1,
          1,
          1,
          1,
          1,
          1,
          1,
          1,
          1,
          1,
          1,
          1,
          1,
          1,
          1,
          1,
          1,
          1,
          1,
          1,
          1,
          1,
          1,
          1,
          1,
          1,
          1,
          1,
          1,
          1,
          1,
          1,
          1,
          1,
          1,
          1,
          1,
          1,
          1,
          1,
          1,
          1,
          1,
          1
        ],
        "route_completions_per_tick": [
          0,
          0,
          0,
          0,
          0,
          0,
          0,
          0,
          0,
          0,
          0,
          0,
          0,
          0,
          0,
          0,
          0,
          0,
          0,
          0,
          0,
          0,
          0,
          0,
          0,
          0,
          0,
          0,
          0,
          0,
          0,
          0,
          0,
          0,
          0,
          0,
          0,
          0,
          0,
          0,
          0,
          0,
          0,
          0,
          0,
          0,
          0,
          0,
          0,
          0,
          0,
          0,
          0,
          0,
          0,
          0,
          0,
          0,
          0,
          0,
          0,
          0,
          0,
          0,
          0,
          0,
          0,
          0,
          0,
          0,
          0,
          0,
          0,
          0,
          0,
          0,
          0,
          0,
          0,
          0,
          0,
          0,
          0,
          0,
          0,
          0,
          0,
          0,
          0,
          0,
          0,
          0,
          0,
          0,
          0,
          0,
          0,
          0,
          0,
          0,
          0,
          0,
          0,
          0,
          0,
          0,
          0,
          0,
          0,
          0,
          0,
          0,
          0,
          0,
          0,
          0,
          0,
          0,
          0,
          0
        ],
        "weight_refreshes_per_tick": [
          1,
          1,
          1,
          1,
          1,
          1,
          1,
          1,
          1,
          1,
          1,
          1,
          1,
          1,
          1,
          1,
          1,
          1,
          1,
          1,
          1,
          1,
          1,
          1,
          1,
          1,
          1,
          1,
          1,
          1,
          1,
          1,
          1,
          1,
          1,
          1,
          1,
          1,
          1,
          1,
          1,
          1,
          1,
          1,
          1,
          1,
          1,
          1,
          1,
          1,
          1,
          1,
          1,
          1,
          1,
          1,
          1,
          1,
          1,
          1,
          1,
          1,
          1,
          1,
          1,
          1,
          1,
          1,
          1,
          1,
          1,
          1,
          1,
          1,
          1,
          1,
          1,
          1,
          1,
          1,
          1,
          1,
          1,
          1,
          1,
          1,
          1,
          1,
          1,
          1,
          1,
          1,
          1,
          1,
          1,
          1,
          1,
          1,
          1,
          1,
          1,
          1,
          1,
          1,
          1,
          1,
          1,
          1,
          1,
          1,
          1,
          1,
          1,
          1,
          1,
          1,
          1,
          1,
          1,
          1
        ],
        "p50_ns": 2346281,
        "p95_ns": 2434252,
        "max_ns": 2672666,
        "nav_p50_ns": 1115738,
        "nav_p95_ns": 1187475,
        "nav_max_ns": 1237485,
        "route_search_p50_ns": 601757,
        "route_search_p95_ns": 648667,
        "route_search_max_ns": 691905,
        "route_search_ns_per_pop_p50": 587,
        "route_search_ns_per_pop_p95": 633,
        "request_overhead_p50_ns": 3902,
        "request_overhead_p95_ns": 4239,
        "request_overhead_max_ns": 21267,
        "weight_refresh_p50_ns": 444776,
        "weight_refresh_p95_ns": 467097,
        "weight_refresh_max_ns": 518281,
        "waypoint_p50_ns": 1432,
        "waypoint_p95_ns": 1576,
        "waypoint_max_ns": 2244,
        "route_advance_p50_ns": 842,
        "route_advance_p95_ns": 898,
        "route_advance_max_ns": 987,
        "steering_p50_ns": 76729,
        "steering_p95_ns": 88915,
        "steering_max_ns": 96766,
        "follower_p95_ns": 123302,
        "weapon_p95_ns": 226466,
        "danger_p95_ns": 1413685,
        "planning_p95_ns": 650977,
        "request_submit_p95_ns": 2720,
        "restart_p95_ns": 99,
        "sjf_select_p95_ns": 440,
        "attach_p95_ns": 1081,
        "finish_install_p95_ns": 0,
        "finish_install_max_ns": 0,
        "non_nav_p50_ns": 1228931,
        "non_nav_p95_ns": 1259718,
        "non_nav_max_ns": 1573955,
        "p95_limit_ns": 4000000,
        "max_limit_ns": 5000000,
        "pass": true
      },
      {
        "roster_size": 32,
        "scenario": "moving_goals",
        "warmups": 5,
        "sample_count": 120,
        "samples_ns": [
          2344958,
          2353952,
          2543050,
          2514603,
          2481076,
          2536742,
          2530684,
          2435163,
          2454215,
          2469193,
          2463225,
          2435910,
          2378186,
          2426980,
          2376847,
          2537791,
          2483293,
          2419911,
          2390721,
          2423850,
          2376182,
          2326620,
          2349488,
          2391779,
          2470278,
          2539441,
          2586342,
          2555618,
          2632845,
          2533866,
          2388670,
          2449803,
          2402863,
          2367714,
          2394812,
          2388741,
          2353523,
          2361803,
          2371744,
          2388799,
          2376815,
          2373367,
          2365484,
          2410606,
          2392968,
          2314445,
          2396154,
          2454907,
          2427150,
          2462390,
          2497942,
          2460158,
          2460494,
          2534121,
          2555569,
          2451133,
          2446719,
          2408569,
          2409740,
          2419146,
          2410062,
          2399683,
          2416743,
          2454796,
          2603648,
          2454504,
          2525320,
          2490486,
          2434732,
          2404919,
          2469888,
          2439248,
          2466031,
          2462119,
          2467130,
          2435600,
          2494630,
          2506777,
          2504569,
          2469877,
          2414538,
          2389852,
          2414712,
          2418197,
          2390970,
          2401483,
          2429112,
          2417276,
          2397184,
          2410171,
          2413375,
          2476115,
          2415456,
          2359291,
          2426995,
          2397824,
          2331751,
          2441201,
          2453195,
          2413374,
          2487617,
          2568174,
          2518765,
          2536446,
          2452811,
          2460160,
          2421004,
          2701666,
          2477582,
          2458958,
          2433179,
          2464327,
          2469232,
          2442911,
          2456014,
          2446167,
          2366110,
          2387205,
          2415655,
          2408509
        ],
        "pops_per_tick": [
          1024,
          1024,
          1024,
          1024,
          1024,
          1024,
          1024,
          1024,
          1024,
          1024,
          1024,
          1024,
          1024,
          1024,
          1024,
          1024,
          1024,
          1024,
          1024,
          1024,
          1024,
          1024,
          1024,
          1024,
          1024,
          1024,
          1024,
          1024,
          1024,
          1024,
          1024,
          1024,
          1024,
          1024,
          1024,
          1024,
          1024,
          1024,
          1024,
          1024,
          1024,
          1024,
          1024,
          1024,
          1024,
          1024,
          1024,
          1024,
          1024,
          1024,
          1024,
          1024,
          1024,
          1024,
          1024,
          1024,
          1024,
          1024,
          1024,
          1024,
          1024,
          1024,
          1024,
          1024,
          1024,
          1024,
          1024,
          1024,
          1024,
          1024,
          1024,
          1024,
          1024,
          1024,
          1024,
          1024,
          1024,
          1024,
          1024,
          1024,
          1024,
          1024,
          1024,
          1024,
          1024,
          1024,
          1024,
          1024,
          1024,
          1024,
          1024,
          1024,
          1024,
          1024,
          1024,
          1024,
          1024,
          1024,
          1024,
          1024,
          1024,
          1024,
          1024,
          1024,
          1024,
          1024,
          1024,
          1024,
          1024,
          1024,
          1024,
          1024,
          1024,
          1024,
          1024,
          1024,
          1024,
          1024,
          1024,
          1024
        ],
        "nav_samples_ns": [
          1134797,
          1123718,
          1320831,
          1289594,
          1240403,
          1299982,
          1306496,
          1217992,
          1212214,
          1249581,
          1201936,
          1207975,
          1155246,
          1205723,
          1141704,
          1301940,
          1247646,
          1187320,
          1147580,
          1176623,
          1148138,
          1097822,
          1131756,
          1180058,
          1233801,
          1284679,
          1311217,
          1292431,
          1275977,
          1287480,
          1135853,
          1209626,
          1160516,
          1141649,
          1152937,
          1158927,
          1121538,
          1124320,
          1143780,
          1138278,
          1148355,
          1146524,
          1153868,
          1155523,
          1169272,
          1083225,
          1162093,
          1229189,
          1189504,
          1241448,
          1267292,
          1244464,
          1223135,
          1292544,
          1333066,
          1222357,
          1211595,
          1182854,
          1192274,
          1192503,
          1189174,
          1176401,
          1177972,
          1209612,
          1365298,
          1203217,
          1238905,
          1229034,
          1181822,
          1165408,
          1235709,
          1197769,
          1218085,
          1225057,
          1219015,
          1173533,
          1253678,
          1266343,
          1267548,
          1203296,
          1164371,
          1152957,
          1164458,
          1173729,
          1156562,
          1159950,
          1180381,
          1167650,
          1158007,
          1184627,
          1177656,
          1194871,
          1170119,
          1125097,
          1168999,
          1158851,
          1094195,
          1202248,
          1209136,
          1182237,
          1237207,
          1254161,
          1268996,
          1295308,
          1216919,
          1219983,
          1192147,
          1254482,
          1213428,
          1225180,
          1210030,
          1221017,
          1225001,
          1198713,
          1209692,
          1205909,
          1115593,
          1162753,
          1201103,
          1193818
        ],
        "route_search_samples_ns": [
          602507,
          605668,
          783014,
          772190,
          712166,
          761222,
          790408,
          697011,
          695153,
          695203,
          670375,
          673654,
          619678,
          663707,
          617920,
          746945,
          731416,
          643623,
          613350,
          643386,
          606769,
          589386,
          610536,
          638064,
          702397,
          747890,
          783170,
          756980,
          703633,
          775344,
          623110,
          696244,
          667478,
          632154,
          641747,
          647674,
          619906,
          628796,
          636014,
          622435,
          617904,
          641361,
          626469,
          625742,
          632947,
          567367,
          612689,
          667680,
          640592,
          679259,
          699906,
          681908,
          681471,
          742950,
          786905,
          663324,
          656338,
          647399,
          641168,
          640265,
          644131,
          633510,
          638723,
          642046,
          824543,
          646033,
          658393,
          661253,
          633296,
          609846,
          690612,
          667103,
          675282,
          697289,
          709049,
          658715,
          737465,
          758339,
          750021,
          677607,
          655657,
          634123,
          640317,
          648778,
          631096,
          621703,
          668779,
          633326,
          622376,
          632817,
          642608,
          652653,
          627927,
          595698,
          637232,
          611667,
          556671,
          669282,
          659246,
          639512,
          700471,
          732073,
          735516,
          719949,
          666466,
          670464,
          673852,
          691119,
          685532,
          693910,
          665883,
          679199,
          684953,
          678458,
          677825,
          668266,
          580898,
          648722,
          657166,
          656516
        ],
        "request_overhead_samples_ns": [
          90,
          72,
          141,
          128,
          131,
          120,
          153,
          4623,
          106,
          16974,
          177,
          14643,
          82,
          12936,
          117,
          14151,
          111,
          10903,
          110,
          4348,
          113,
          107,
          120,
          110,
          118,
          71,
          128,
          96,
          147,
          87,
          2491,
          12452,
          8179,
          8060,
          7842,
          8519,
          7880,
          7931,
          13916,
          8386,
          8102,
          8166,
          7921,
          4381,
          93,
          84,
          88,
          138,
          138,
          130,
          82,
          81,
          71,
          80,
          87,
          12167,
          7557,
          7611,
          12466,
          6986,
          7100,
          7151,
          11915,
          6348,
          10736,
          6978,
          13664,
          4036,
          89,
          89,
          81,
          120,
          107,
          110,
          109,
          109,
          129,
          118,
          92,
          9905,
          11121,
          5664,
          10693,
          5945,
          10728,
          5864,
          10864,
          10893,
          5563,
          10733,
          5595,
          4246,
          113,
          80,
          1519,
          109,
          117,
          90,
          111,
          88,
          127,
          121,
          78,
          18170,
          14012,
          13647,
          9531,
          14930,
          10114,
          14434,
          14734,
          10818,
          11066,
          9547,
          9908,
          4108,
          117,
          97,
          88,
          144
        ],
        "weight_refresh_samples_ns": [
          443585,
          437019,
          459753,
          431960,
          447128,
          444290,
          435258,
          433155,
          437042,
          455459,
          445399,
          434280,
          454132,
          446067,
          444209,
          460281,
          431824,
          446808,
          437350,
          439340,
          458386,
          441607,
          445956,
          458499,
          440375,
          435940,
          435029,
          452076,
          457809,
          445485,
          451952,
          446335,
          428767,
          444331,
          446912,
          434003,
          438772,
          434887,
          429647,
          447199,
          456164,
          424496,
          430930,
          443426,
          449534,
          422621,
          449129,
          447153,
          422633,
          438127,
          448847,
          444185,
          426547,
          436532,
          437373,
          441538,
          443552,
          425070,
          440241,
          447864,
          438565,
          426087,
          428064,
          462623,
          433967,
          439898,
          443354,
          446865,
          433781,
          444280,
          426999,
          437787,
          455481,
          451064,
          438518,
          442865,
          447134,
          439829,
          445348,
          443910,
          423008,
          435987,
          436878,
          432311,
          437906,
          454353,
          419693,
          437177,
          439787,
          450135,
          424699,
          440136,
          447546,
          438320,
          436729,
          454268,
          444080,
          428558,
          455220,
          447392,
          442082,
          430142,
          442147,
          454448,
          447321,
          447672,
          424670,
          445054,
          441151,
          437060,
          452408,
          446553,
          444828,
          430288,
          442401,
          454784,
          443911,
          437124,
          466051,
          459034
        ],
        "waypoint_samples_ns": [
          1616,
          1852,
          1606,
          2659,
          2346,
          2264,
          1970,
          2007,
          1654,
          1934,
          3453,
          4027,
          4485,
          4269,
          5812,
          6198,
          9466,
          11788,
          12657,
          13311,
          14380,
          24652,
          33675,
          42663,
          50328,
          59946,
          48469,
          35919,
          43331,
          13571,
          2239,
          1826,
          3121,
          3648,
          4388,
          5249,
          6649,
          7846,
          23532,
          17722,
          25954,
          34106,
          41693,
          48209,
          54002,
          62286,
          70359,
          83764,
          95717,
          93800,
          88402,
          87910,
          84760,
          82989,
          79065,
          77555,
          76418,
          74840,
          72175,
          72666,
          74973,
          88529,
          79432,
          77152,
          73971,
          68866,
          88133,
          71500,
          66071,
          63136,
          60258,
          51281,
          43208,
          33994,
          30277,
          31210,
          29159,
          28817,
          28153,
          25601,
          23698,
          23358,
          23671,
          25391,
          25921,
          29983,
          30296,
          34807,
          39676,
          42352,
          57299,
          49392,
          46864,
          46070,
          45286,
          44877,
          43325,
          51706,
          39186,
          35650,
          33684,
          29374,
          25428,
          21982,
          19589,
          17138,
          18071,
          21864,
          19231,
          22737,
          27590,
          34271,
          40762,
          44239,
          48000,
          51926,
          66274,
          55151,
          55563,
          55672
        ],
        "route_advance_samples_ns": [
          845,
          870,
          866,
          872,
          848,
          843,
          902,
          857,
          836,
          921,
          1317,
          1024,
          1010,
          960,
          1025,
          1015,
          1114,
          1107,
          1149,
          1145,
          1111,
          1094,
          1080,
          1089,
          1122,
          1155,
          1109,
          1129,
          1306,
          995,
          892,
          848,
          1006,
          1032,
          1116,
          1084,
          1129,
          1173,
          1227,
          1342,
          1417,
          1426,
          1494,
          1516,
          1608,
          1527,
          1486,
          1600,
          1517,
          1577,
          1510,
          1583,
          1551,
          1521,
          1517,
          1489,
          1595,
          1627,
          1664,
          1712,
          1877,
          1847,
          1860,
          1979,
          1967,
          2130,
          1951,
          1960,
          1932,
          1832,
          1807,
          1787,
          1758,
          1743,
          1656,
          1697,
          1615,
          1536,
          1483,
          1457,
          1421,
          1429,
          1453,
          1566,
          1443,
          1507,
          1618,
          1599,
          1714,
          1657,
          1717,
          1741,
          1725,
          1618,
          1618,
          1520,
          1472,
          1414,
          1380,
          1411,
          1272,
          1262,
          1271,
          1109,
          1269,
          1302,
          1468,
          1596,
          1633,
          1611,
          1681,
          1836,
          2019,
          2003,
          2006,
          2117,
          2100,
          1989,
          1964,
          1983
        ],
        "steering_samples_ns": [
          86154,
          78237,
          75451,
          81785,
          77784,
          91243,
          77805,
          80339,
          77423,
          79090,
          81215,
          80347,
          75859,
          77784,
          72621,
          73350,
          73715,
          73091,
          82964,
          75093,
          67379,
          40976,
          40389,
          39633,
          39461,
          39677,
          43312,
          46231,
          69751,
          51998,
          55169,
          51921,
          51965,
          52424,
          50932,
          62398,
          47202,
          43687,
          39444,
          41194,
          38814,
          36969,
          45361,
          32249,
          31088,
          29340,
          28342,
          28854,
          28907,
          28555,
          28545,
          28797,
          28735,
          28472,
          28119,
          26284,
          26135,
          26307,
          24560,
          23010,
          22528,
          19277,
          17978,
          19464,
          20114,
          39312,
          33410,
          43420,
          46653,
          46225,
          55952,
          39691,
          42249,
          40857,
          39406,
          38937,
          38176,
          37704,
          42451,
          44816,
          49466,
          52396,
          51446,
          59738,
          49468,
          46540,
          49131,
          49848,
          48891,
          46933,
          45738,
          46703,
          45944,
          43311,
          46615,
          46410,
          48530,
          51198,
          53993,
          58184,
          59571,
          61189,
          64556,
          79650,
          68262,
          69760,
          64555,
          79919,
          55767,
          55428,
          47734,
          48340,
          41373,
          34178,
          29552,
          24708,
          22293,
          19670,
          20271,
          20469
        ],
        "follower_samples_ns": [
          113666,
          106068,
          102993,
          113233,
          107399,
          119904,
          107433,
          113741,
          104755,
          107476,
          112288,
          111105,
          107542,
          108681,
          105258,
          105774,
          110813,
          113053,
          122235,
          122070,
          108336,
          91800,
          100194,
          108188,
          116290,
          126123,
          118637,
          109997,
          149299,
          93478,
          84880,
          85194,
          81515,
          82021,
          81623,
          94037,
          80310,
          77567,
          89160,
          84974,
          91946,
          97576,
          113808,
          112127,
          111608,
          117297,
          125187,
          139770,
          150632,
          148671,
          142951,
          143663,
          140114,
          137588,
          133024,
          135163,
          128408,
          126842,
          122537,
          121598,
          123750,
          133721,
          123924,
          123181,
          120828,
          136837,
          148451,
          146976,
          139631,
          135890,
          143151,
          117618,
          112472,
          101908,
          96933,
          97722,
          94775,
          93569,
          97953,
          102773,
          99590,
          101948,
          101654,
          112155,
          102197,
          103482,
          107099,
          111879,
          122954,
          116779,
          130904,
          130709,
          120480,
          116087,
          118730,
          117971,
          118558,
          129628,
          119416,
          120530,
          120076,
          116898,
          117681,
          133298,
          115038,
          113312,
          109284,
          133577,
          102949,
          105516,
          102995,
          110135,
          109557,
          105253,
          104588,
          108427,
          115752,
          101847,
          101988,
          102857
        ],
        "weapon_samples_ns": [
          205937,
          214541,
          210846,
          214748,
          217293,
          209276,
          207136,
          207327,
          207745,
          209040,
          226258,
          218246,
          209484,
          210648,
          222981,
          208237,
          209697,
          216096,
          212713,
          221947,
          210084,
          207349,
          220481,
          207220,
          210605,
          224551,
          227907,
          223702,
          301360,
          215175,
          225744,
          215270,
          228356,
          215394,
          209962,
          208907,
          209992,
          208079,
          208183,
          207830,
          208008,
          223895,
          209168,
          213721,
          213295,
          220699,
          208857,
          213172,
          213236,
          221722,
          210878,
          209308,
          222425,
          221145,
          208170,
          213055,
          208693,
          221887,
          218706,
          207640,
          209157,
          209173,
          211243,
          212223,
          212375,
          217156,
          223044,
          234401,
          216107,
          213822,
          213083,
          221212,
          208508,
          211440,
          222902,
          217336,
          211541,
          211164,
          214449,
          229357,
          224011,
          213865,
          213004,
          212868,
          212084,
          213183,
          223753,
          225872,
          211726,
          210137,
          211091,
          234162,
          214442,
          211402,
          224554,
          211569,
          211981,
          210507,
          211287,
          212329,
          212846,
          222128,
          224889,
          210906,
          209970,
          209731,
          211483,
          265597,
          224816,
          211591,
          209152,
          209467,
          223548,
          213245,
          209407,
          209438,
          212649,
          211219,
          211713,
          210803
        ],
        "danger_samples_ns": [
          1366655,
          1371171,
          1390729,
          1356922,
          1387312,
          1388131,
          1357113,
          1358465,
          1389177,
          1383732,
          1396084,
          1349919,
          1385995,
          1374002,
          1373703,
          1404558,
          1374070,
          1375973,
          1383906,
          1360069,
          1392218,
          1381189,
          1361689,
          1381145,
          1383777,
          1383650,
          1397843,
          1407678,
          1405026,
          1393269,
          1393173,
          1385149,
          1360331,
          1370667,
          1396236,
          1371724,
          1377901,
          1382536,
          1366274,
          1402742,
          1393700,
          1345527,
          1351790,
          1398777,
          1378200,
          1353101,
          1386793,
          1377854,
          1365364,
          1354903,
          1385084,
          1368610,
          1360136,
          1376576,
          1370730,
          1371707,
          1388595,
          1348257,
          1357547,
          1386796,
          1369339,
          1360187,
          1365673,
          1415397,
          1377999,
          1391206,
          1422376,
          1388206,
          1388666,
          1388451,
          1365706,
          1375931,
          1408043,
          1394493,
          1381192,
          1392164,
          1394739,
          1386969,
          1384926,
          1394274,
          1366849,
          1376435,
          1391330,
          1381938,
          1377683,
          1400265,
          1361668,
          1377504,
          1377830,
          1382192,
          1367213,
          1384355,
          1396006,
          1379508,
          1388225,
          1401200,
          1385990,
          1374935,
          1394488,
          1383908,
          1396949,
          1439648,
          1383699,
          1396597,
          1377883,
          1390708,
          1358826,
          1529832,
          1397023,
          1375654,
          1384050,
          1398137,
          1383041,
          1380002,
          1397339,
          1401017,
          1398935,
          1358866,
          1388168,
          1382344
        ],
        "planning_samples_ns": [
          603189,
          606305,
          784050,
          772975,
          712932,
          762040,
          791261,
          700037,
          695918,
          713619,
          671255,
          689438,
          620343,
          677925,
          618666,
          762782,
          732430,
          655739,
          614125,
          646040,
          607541,
          590250,
          611336,
          638846,
          703176,
          748598,
          784248,
          757831,
          704443,
          776166,
          626527,
          707551,
          676831,
          641262,
          650739,
          657570,
          628831,
          637963,
          651477,
          632178,
          627271,
          650821,
          635568,
          628453,
          633674,
          568078,
          613380,
          668524,
          641309,
          680069,
          700668,
          682696,
          682243,
          743803,
          787665,
          674754,
          665007,
          656154,
          655243,
          648302,
          652350,
          641709,
          652109,
          649563,
          836847,
          654177,
          673857,
          663668,
          633986,
          610571,
          691325,
          667858,
          675991,
          698121,
          709792,
          659639,
          738269,
          759048,
          750817,
          686319,
          668636,
          640902,
          652947,
          655918,
          643244,
          628656,
          681360,
          645653,
          628923,
          645196,
          649283,
          654986,
          628642,
          596372,
          639686,
          612352,
          557362,
          670060,
          659966,
          640220,
          701299,
          733114,
          736308,
          737830,
          682670,
          685999,
          685021,
          708437,
          697207,
          710460,
          682597,
          691767,
          697756,
          689682,
          689183,
          670756,
          581623,
          649440,
          657978,
          657436
        ],
        "request_submit_samples_ns": [
          0,
          0,
          0,
          0,
          0,
          0,
          0,
          2567,
          0,
          0,
          0,
          0,
          0,
          0,
          0,
          0,
          0,
          0,
          0,
          2662,
          0,
          0,
          0,
          0,
          0,
          0,
          0,
          0,
          0,
          0,
          0,
          2501,
          0,
          0,
          0,
          0,
          0,
          0,
          0,
          0,
          0,
          0,
          0,
          2783,
          0,
          0,
          0,
          0,
          0,
          0,
          0,
          0,
          0,
          0,
          0,
          2489,
          0,
          0,
          0,
          0,
          0,
          0,
          0,
          0,
          0,
          0,
          0,
          2508,
          0,
          0,
          0,
          0,
          0,
          0,
          0,
          0,
          0,
          0,
          0,
          2658,
          0,
          0,
          0,
          0,
          0,
          0,
          0,
          0,
          0,
          0,
          0,
          2744,
          0,
          0,
          0,
          0,
          0,
          0,
          0,
          0,
          0,
          0,
          0,
          2490,
          0,
          0,
          0,
          0,
          0,
          222,
          145,
          0,
          0,
          0,
          155,
          2473,
          0,
          0,
          0,
          0
        ],
        "restart_samples_ns": [
          90,
          72,
          141,
          128,
          131,
          120,
          153,
          125,
          106,
          72,
          177,
          126,
          82,
          73,
          117,
          119,
          111,
          113,
          110,
          135,
          113,
          107,
          120,
          110,
          118,
          71,
          128,
          96,
          147,
          87,
          126,
          118,
          89,
          120,
          103,
          91,
          118,
          86,
          97,
          95,
          82,
          83,
          118,
          161,
          93,
          84,
          88,
          138,
          138,
          130,
          82,
          81,
          71,
          80,
          87,
          125,
          74,
          89,
          56,
          63,
          87,
          88,
          75,
          68,
          67,
          151,
          64,
          143,
          89,
          89,
          81,
          120,
          107,
          110,
          109,
          109,
          129,
          118,
          92,
          143,
          70,
          126,
          118,
          111,
          98,
          88,
          67,
          115,
          98,
          69,
          72,
          143,
          113,
          80,
          139,
          109,
          117,
          90,
          111,
          88,
          127,
          121,
          78,
          154,
          77,
          82,
          66,
          132,
          117,
          88,
          89,
          94,
          97,
          86,
          88,
          115,
          117,
          97,
          88,
          144
        ],
        "sjf_select_samples_ns": [
          0,
          0,
          0,
          0,
          0,
          0,
          0,
          300,
          0,
          451,
          0,
          562,
          0,
          462,
          0,
          1011,
          0,
          513,
          0,
          406,
          0,
          0,
          0,
          0,
          0,
          0,
          0,
          0,
          0,
          0,
          378,
          763,
          466,
          424,
          416,
          380,
          402,
          435,
          679,
          571,
          526,
          536,
          481,
          452,
          0,
          0,
          0,
          0,
          0,
          0,
          0,
          0,
          0,
          0,
          0,
          778,
          444,
          448,
          690,
          370,
          374,
          410,
          717,
          431,
          814,
          425,
          683,
          458,
          0,
          0,
          0,
          0,
          0,
          0,
          0,
          0,
          0,
          0,
          0,
          692,
          809,
          367,
          582,
          443,
          587,
          521,
          599,
          634,
          329,
          574,
          291,
          450,
          0,
          0,
          363,
          0,
          0,
          0,
          0,
          0,
          0,
          0,
          0,
          1333,
          843,
          809,
          779,
          1138,
          675,
          769,
          693,
          598,
          544,
          342,
          401,
          540,
          0,
          0,
          0,
          0
        ],
        "attach_samples_ns": [
          0,
          0,
          0,
          0,
          0,
          0,
          0,
          1631,
          0,
          1307,
          0,
          1504,
          0,
          1411,
          0,
          1226,
          0,
          1100,
          0,
          1145,
          0,
          0,
          0,
          0,
          0,
          0,
          0,
          0,
          0,
          0,
          1987,
          1587,
          829,
          877,
          851,
          803,
          804,
          816,
          1241,
          1379,
          1205,
          1281,
          1362,
          985,
          0,
          0,
          0,
          0,
          0,
          0,
          0,
          0,
          0,
          0,
          0,
          1495,
          753,
          754,
          1113,
          712,
          676,
          671,
          1138,
          781,
          1095,
          886,
          1377,
          927,
          0,
          0,
          0,
          0,
          0,
          0,
          0,
          0,
          0,
          0,
          0,
          1463,
          1160,
          675,
          1082,
          740,
          1093,
          690,
          1128,
          1122,
          676,
          1139,
          675,
          909,
          0,
          0,
          1017,
          0,
          0,
          0,
          0,
          0,
          0,
          0,
          0,
          2356,
          1565,
          1408,
          1015,
          1556,
          1075,
          1515,
          1502,
          1479,
          1615,
          1046,
          1243,
          980,
          0,
          0,
          0,
          0
        ],
        "finish_install_samples_ns": [
          0,
          0,
          0,
          0,
          0,
          0,
          0,
          0,
          0,
          15144,
          0,
          12451,
          0,
          10990,
          0,
          11795,
          0,
          9177,
          0,
          0,
          0,
          0,
          0,
          0,
          0,
          0,
          0,
          0,
          0,
          0,
          0,
          7483,
          6795,
          6639,
          6472,
          7245,
          6556,
          6594,
          11899,
          6341,
          6289,
          6266,
          5960,
          0,
          0,
          0,
          0,
          0,
          0,
          0,
          0,
          0,
          0,
          0,
          0,
          7280,
          6286,
          6320,
          10607,
          5841,
          5963,
          5982,
          9985,
          5068,
          8760,
          5516,
          11540,
          0,
          0,
          0,
          0,
          0,
          0,
          0,
          0,
          0,
          0,
          0,
          0,
          4949,
          9082,
          4496,
          8911,
          4651,
          8950,
          4565,
          9070,
          9022,
          4460,
          8951,
          4557,
          0,
          0,
          0,
          0,
          0,
          0,
          0,
          0,
          0,
          0,
          0,
          0,
          11837,
          11527,
          11348,
          7671,
          12104,
          8247,
          11840,
          12305,
          8647,
          8810,
          8073,
          8021,
          0,
          0,
          0,
          0,
          0
        ],
        "non_nav_samples_ns": [
          1210161,
          1230234,
          1222219,
          1225009,
          1240673,
          1236760,
          1224188,
          1217171,
          1242001,
          1219612,
          1261289,
          1227935,
          1222940,
          1221257,
          1235143,
          1235851,
          1235647,
          1232591,
          1243141,
          1247227,
          1228044,
          1228798,
          1217732,
          1211721,
          1236477,
          1254762,
          1275125,
          1263187,
          1356868,
          1246386,
          1252817,
          1240177,
          1242347,
          1226065,
          1241875,
          1229814,
          1231985,
          1237483,
          1227964,
          1250521,
          1228460,
          1226843,
          1211616,
          1255083,
          1223696,
          1231220,
          1234061,
          1225718,
          1237646,
          1220942,
          1230650,
          1215694,
          1237359,
          1241577,
          1222503,
          1228776,
          1235124,
          1225715,
          1217466,
          1226643,
          1220888,
          1223282,
          1238771,
          1245184,
          1238350,
          1251287,
          1286415,
          1261452,
          1252910,
          1239511,
          1234179,
          1241479,
          1247946,
          1237062,
          1248115,
          1262067,
          1240952,
          1240434,
          1237021,
          1266581,
          1250167,
          1236895,
          1250254,
          1244468,
          1234408,
          1241533,
          1248731,
          1249626,
          1239177,
          1225544,
          1235719,
          1281244,
          1245337,
          1234194,
          1257996,
          1238973,
          1237556,
          1238953,
          1244059,
          1231137,
          1250410,
          1314013,
          1249769,
          1241138,
          1235892,
          1240177,
          1228857,
          1447184,
          1264154,
          1233778,
          1223149,
          1243310,
          1244231,
          1244198,
          1246322,
          1240258,
          1250517,
          1224452,
          1214552,
          1214691
        ],
        "route_search_ns_per_pop_samples": [
          588,
          591,
          764,
          754,
          695,
          743,
          771,
          680,
          678,
          678,
          654,
          657,
          605,
          648,
          603,
          729,
          714,
          628,
          598,
          628,
          592,
          575,
          596,
          623,
          685,
          730,
          764,
          739,
          687,
          757,
          608,
          679,
          651,
          617,
          626,
          632,
          605,
          614,
          621,
          607,
          603,
          626,
          611,
          611,
          618,
          554,
          598,
          652,
          625,
          663,
          683,
          665,
          665,
          725,
          768,
          647,
          640,
          632,
          626,
          625,
          629,
          618,
          623,
          626,
          805,
          630,
          642,
          645,
          618,
          595,
          674,
          651,
          659,
          680,
          692,
          643,
          720,
          740,
          732,
          661,
          640,
          619,
          625,
          633,
          616,
          607,
          653,
          618,
          607,
          617,
          627,
          637,
          613,
          581,
          622,
          597,
          543,
          653,
          643,
          624,
          684,
          714,
          718,
          703,
          650,
          654,
          658,
          674,
          669,
          677,
          650,
          663,
          668,
          662,
          661,
          652,
          567,
          633,
          641,
          641
        ],
        "request_submissions_per_tick": [
          0,
          0,
          0,
          0,
          0,
          0,
          0,
          32,
          0,
          0,
          0,
          0,
          0,
          0,
          0,
          0,
          0,
          0,
          0,
          32,
          0,
          0,
          0,
          0,
          0,
          0,
          0,
          0,
          0,
          0,
          0,
          32,
          0,
          0,
          0,
          0,
          0,
          0,
          0,
          0,
          0,
          0,
          0,
          32,
          0,
          0,
          0,
          0,
          0,
          0,
          0,
          0,
          0,
          0,
          0,
          32,
          0,
          0,
          0,
          0,
          0,
          0,
          0,
          0,
          0,
          0,
          0,
          32,
          0,
          0,
          0,
          0,
          0,
          0,
          0,
          0,
          0,
          0,
          0,
          32,
          0,
          0,
          0,
          0,
          0,
          0,
          0,
          0,
          0,
          0,
          0,
          32,
          0,
          0,
          0,
          0,
          0,
          0,
          0,
          0,
          0,
          0,
          0,
          32,
          0,
          0,
          0,
          0,
          0,
          1,
          1,
          0,
          0,
          0,
          1,
          32,
          0,
          0,
          0,
          0
        ],
        "request_admissions_per_tick": [
          0,
          0,
          0,
          0,
          0,
          0,
          0,
          1,
          0,
          1,
          0,
          1,
          0,
          1,
          0,
          1,
          0,
          1,
          0,
          1,
          0,
          0,
          0,
          0,
          0,
          0,
          0,
          0,
          0,
          0,
          1,
          2,
          1,
          1,
          1,
          1,
          1,
          1,
          2,
          2,
          2,
          2,
          2,
          1,
          0,
          0,
          0,
          0,
          0,
          0,
          0,
          0,
          0,
          0,
          0,
          2,
          1,
          1,
          2,
          1,
          1,
          1,
          2,
          1,
          1,
          1,
          2,
          1,
          0,
          0,
          0,
          0,
          0,
          0,
          0,
          0,
          0,
          0,
          0,
          2,
          2,
          1,
          2,
          1,
          2,
          1,
          2,
          2,
          1,
          2,
          1,
          1,
          0,
          0,
          1,
          0,
          0,
          0,
          0,
          0,
          0,
          0,
          0,
          4,
          3,
          3,
          2,
          3,
          2,
          3,
          3,
          3,
          3,
          2,
          2,
          1,
          0,
          0,
          0,
          0
        ],
        "route_completions_per_tick": [
          0,
          0,
          0,
          0,
          0,
          0,
          0,
          0,
          0,
          1,
          0,
          1,
          0,
          1,
          0,
          1,
          0,
          1,
          0,
          0,
          0,
          0,
          0,
          0,
          0,
          0,
          0,
          0,
          0,
          0,
          0,
          1,
          1,
          1,
          1,
          1,
          1,
          1,
          2,
          1,
          1,
          1,
          1,
          0,
          0,
          0,
          0,
          0,
          0,
          0,
          0,
          0,
          0,
          0,
          0,
          1,
          1,
          1,
          2,
          1,
          1,
          1,
          2,
          1,
          1,
          1,
          2,
          0,
          0,
          0,
          0,
          0,
          0,
          0,
          0,
          0,
          0,
          0,
          0,
          1,
          2,
          1,
          2,
          1,
          2,
          1,
          2,
          2,
          1,
          2,
          1,
          0,
          0,
          0,
          0,
          0,
          0,
          0,
          0,
          0,
          0,
          0,
          0,
          3,
          3,
          3,
          2,
          3,
          2,
          3,
          3,
          2,
          2,
          2,
          2,
          0,
          0,
          0,
          0,
          0
        ],
        "weight_refreshes_per_tick": [
          1,
          1,
          1,
          1,
          1,
          1,
          1,
          1,
          1,
          1,
          1,
          1,
          1,
          1,
          1,
          1,
          1,
          1,
          1,
          1,
          1,
          1,
          1,
          1,
          1,
          1,
          1,
          1,
          1,
          1,
          1,
          1,
          1,
          1,
          1,
          1,
          1,
          1,
          1,
          1,
          1,
          1,
          1,
          1,
          1,
          1,
          1,
          1,
          1,
          1,
          1,
          1,
          1,
          1,
          1,
          1,
          1,
          1,
          1,
          1,
          1,
          1,
          1,
          1,
          1,
          1,
          1,
          1,
          1,
          1,
          1,
          1,
          1,
          1,
          1,
          1,
          1,
          1,
          1,
          1,
          1,
          1,
          1,
          1,
          1,
          1,
          1,
          1,
          1,
          1,
          1,
          1,
          1,
          1,
          1,
          1,
          1,
          1,
          1,
          1,
          1,
          1,
          1,
          1,
          1,
          1,
          1,
          1,
          1,
          1,
          1,
          1,
          1,
          1,
          1,
          1,
          1,
          1,
          1,
          1
        ],
        "p50_ns": 2434732,
        "p95_ns": 2555569,
        "max_ns": 2701666,
        "nav_p50_ns": 1197769,
        "nav_p95_ns": 1299982,
        "nav_max_ns": 1365298,
        "route_search_p50_ns": 658393,
        "route_search_p95_ns": 772190,
        "route_search_max_ns": 824543,
        "route_search_ns_per_pop_p50": 642,
        "route_search_ns_per_pop_p95": 754,
        "request_overhead_p50_ns": 1519,
        "request_overhead_p95_ns": 14151,
        "request_overhead_max_ns": 18170,
        "weight_refresh_p50_ns": 442147,
        "weight_refresh_p95_ns": 458386,
        "weight_refresh_max_ns": 466051,
        "waypoint_p50_ns": 33994,
        "waypoint_p95_ns": 84760,
        "waypoint_max_ns": 95717,
        "route_advance_p50_ns": 1486,
        "route_advance_p95_ns": 1989,
        "route_advance_max_ns": 2130,
        "steering_p50_ns": 46410,
        "steering_p95_ns": 80339,
        "steering_max_ns": 91243,
        "follower_p95_ns": 143151,
        "weapon_p95_ns": 227907,
        "danger_p95_ns": 1405026,
        "planning_p95_ns": 772975,
        "request_submit_p95_ns": 2501,
        "restart_p95_ns": 144,
        "sjf_select_p95_ns": 809,
        "attach_p95_ns": 1556,
        "finish_install_p95_ns": 11837,
        "finish_install_max_ns": 15144,
        "non_nav_p50_ns": 1237483,
        "non_nav_p95_ns": 1266581,
        "non_nav_max_ns": 1447184,
        "p95_limit_ns": 4000000,
        "max_limit_ns": 5000000,
        "pass": true
      },
      {
        "roster_size": 32,
        "scenario": "stuck_replans",
        "warmups": 5,
        "sample_count": 120,
        "samples_ns": [
          2862538,
          2338332,
          2428716,
          2445029,
          2397251,
          2449376,
          2461223,
          2454569,
          2456839,
          2514125,
          2527444,
          2311396,
          2262473,
          2319008,
          2358373,
          2303180,
          2304309,
          2341066,
          2421273,
          2436248,
          2411582,
          2442979,
          2451062,
          2452622,
          2427777,
          2423444,
          2285045,
          2245822,
          2285523,
          2344273,
          2340500,
          2283204,
          2323464,
          2397927,
          2407174,
          2341246,
          2463157,
          2493194,
          2443987,
          2435755,
          2404388,
          2457239,
          2494070,
          2484616,
          2508334,
          2478121,
          2500648,
          2519609,
          2540428,
          2616632,
          2556963,
          2496681,
          2549866,
          2535975,
          2532069,
          2516775,
          2394419,
          2455124,
          2288646,
          2284219,
          2334980,
          2368841,
          2366649,
          2275767,
          2352722,
          2460552,
          2463545,
          2432522,
          2567177,
          2514823,
          2609258,
          2975966,
          2512222,
          2681445,
          2502476,
          2521603,
          2524564,
          2482253,
          2512521,
          2497366,
          2538997,
          2527973,
          2966031,
          2670217,
          2514091,
          2865090,
          2512336,
          2514717,
          2687289,
          2504740,
          2309701,
          2283756,
          2304931,
          2350146,
          2315405,
          2294583,
          2349220,
          2467478,
          2471175,
          2399221,
          2456822,
          2440115,
          2469311,
          2437270,
          2423686,
          2457696,
          2447069,
          2469332,
          2657529,
          2518770,
          2476772,
          2498770,
          2536131,
          2507543,
          2489925,
          2501428,
          2510337,
          2481356,
          2502211,
          2508175
        ],
        "pops_per_tick": [
          1024,
          1024,
          1024,
          1024,
          1024,
          1024,
          1024,
          1024,
          1024,
          1024,
          1024,
          1024,
          1024,
          1024,
          1024,
          1024,
          1024,
          1024,
          1024,
          1024,
          1024,
          1024,
          1024,
          1024,
          1024,
          1024,
          1024,
          1024,
          1024,
          1024,
          1024,
          1024,
          1024,
          1024,
          1024,
          1024,
          1024,
          1024,
          1024,
          1024,
          1024,
          1024,
          1024,
          1024,
          1024,
          1024,
          1024,
          1024,
          1024,
          1024,
          1024,
          1024,
          1024,
          1024,
          1024,
          1024,
          1024,
          1024,
          1024,
          1024,
          1024,
          1024,
          1024,
          1024,
          1024,
          1024,
          1024,
          1024,
          1024,
          1024,
          1024,
          1024,
          1024,
          1024,
          1024,
          1024,
          1024,
          1024,
          1024,
          1024,
          1024,
          1024,
          1024,
          1024,
          1024,
          1024,
          1024,
          1024,
          1024,
          1024,
          1024,
          1024,
          1024,
          1024,
          1024,
          1024,
          1024,
          1024,
          1024,
          1024,
          1024,
          1024,
          1024,
          1024,
          1024,
          1024,
          1024,
          1024,
          1024,
          1024,
          1024,
          1024,
          1024,
          1024,
          1024,
          1024,
          1024,
          1024,
          1024,
          1024
        ],
        "nav_samples_ns": [
          1210448,
          1106415,
          1218486,
          1223695,
          1163899,
          1230386,
          1221137,
          1226588,
          1231791,
          1250049,
          1252499,
          1092352,
          1045521,
          1076356,
          1140534,
          1081989,
          1083426,
          1121188,
          1201444,
          1197270,
          1188699,
          1220676,
          1217265,
          1224924,
          1195626,
          1193536,
          1048068,
          1037244,
          1057763,
          1137707,
          1091410,
          1060809,
          1103870,
          1179937,
          1187550,
          1137471,
          1247026,
          1209373,
          1195849,
          1192889,
          1194832,
          1211782,
          1254387,
          1272657,
          1267651,
          1263620,
          1262056,
          1286590,
          1314247,
          1374380,
          1308321,
          1256359,
          1319930,
          1274475,
          1292789,
          1278563,
          1173665,
          1229767,
          1064494,
          1056623,
          1122646,
          1130864,
          1131664,
          1070594,
          1119378,
          1236845,
          1247664,
          1202500,
          1327362,
          1266572,
          1358649,
          1382561,
          1249878,
          1243623,
          1237635,
          1286968,
          1281777,
          1261316,
          1269105,
          1277293,
          1286973,
          1291512,
          1345474,
          1308221,
          1287287,
          1624864,
          1275657,
          1291073,
          1464135,
          1245887,
          1082268,
          1050389,
          1075774,
          1137067,
          1105448,
          1066799,
          1132981,
          1240351,
          1245495,
          1188360,
          1232372,
          1211136,
          1240356,
          1212025,
          1207163,
          1215955,
          1230670,
          1232018,
          1304748,
          1282931,
          1251945,
          1273032,
          1275642,
          1302424,
          1265403,
          1253150,
          1296301,
          1243064,
          1270840,
          1267020
        ],
        "route_search_samples_ns": [
          608477,
          613472,
          738063,
          740228,
          681443,
          750832,
          746633,
          743420,
          748120,
          771396,
          769281,
          577799,
          550597,
          572598,
          636050,
          611111,
          594689,
          628231,
          732938,
          720121,
          683404,
          734284,
          734484,
          723746,
          699792,
          727373,
          570852,
          547861,
          589039,
          630463,
          613852,
          575915,
          606865,
          697301,
          701452,
          654595,
          764024,
          732395,
          710114,
          708722,
          724634,
          728632,
          752213,
          773656,
          785887,
          762964,
          775945,
          800873,
          822458,
          848163,
          809367,
          780150,
          827272,
          797080,
          808556,
          792873,
          692252,
          730844,
          586708,
          578940,
          636884,
          643636,
          640411,
          592724,
          635993,
          762185,
          762610,
          716992,
          842178,
          772653,
          861841,
          798704,
          764281,
          779191,
          756918,
          787500,
          783320,
          766534,
          779704,
          792878,
          800954,
          807830,
          806855,
          808676,
          801978,
          893926,
          790644,
          807385,
          982613,
          759808,
          595449,
          563401,
          600057,
          636554,
          624141,
          590322,
          640003,
          759364,
          758328,
          689239,
          751810,
          747387,
          742737,
          727299,
          727246,
          732291,
          750788,
          756274,
          817032,
          774604,
          766002,
          788824,
          788258,
          795659,
          782146,
          776864,
          805782,
          759396,
          787138,
          794083
        ],
        "request_overhead_samples_ns": [
          141,
          80,
          106,
          118,
          116,
          110,
          82,
          90,
          76,
          105,
          116,
          26975,
          551,
          118,
          112,
          67,
          86,
          134,
          124,
          82,
          116,
          99,
          81,
          83,
          118,
          126,
          2652,
          89,
          83,
          92,
          150,
          82,
          83,
          73,
          86,
          87,
          88,
          165,
          115,
          80,
          81,
          81,
          142,
          90,
          113,
          93,
          127,
          120,
          115,
          154,
          120,
          113,
          91,
          183,
          169,
          202,
          365,
          91,
          2911,
          96,
          83,
          82,
          109,
          93,
          101,
          77,
          82,
          125,
          89,
          169,
          187,
          163,
          134,
          188,
          218,
          165,
          155,
          147,
          210,
          140,
          154,
          72,
          201,
          138,
          118,
          177,
          171,
          78,
          84,
          125,
          2475,
          141,
          64,
          90,
          89,
          60,
          64,
          135,
          80,
          84,
          79,
          118,
          78,
          83,
          79,
          82,
          104,
          105,
          205,
          165,
          120,
          139,
          110,
          87,
          128,
          113,
          81,
          63,
          110,
          79
        ],
        "weight_refresh_samples_ns": [
          559463,
          441285,
          442585,
          444163,
          443066,
          440559,
          435698,
          444613,
          444398,
          438995,
          443976,
          448159,
          455135,
          456975,
          465166,
          432091,
          450171,
          452531,
          428981,
          435801,
          463483,
          443608,
          440807,
          460204,
          453824,
          423512,
          435802,
          451574,
          430251,
          468771,
          438912,
          445085,
          458041,
          444551,
          447247,
          443557,
          444047,
          434356,
          445962,
          445704,
          430720,
          444181,
          459607,
          459260,
          441756,
          461133,
          447076,
          445280,
          452262,
          486084,
          458849,
          436543,
          453699,
          435355,
          443843,
          444634,
          441333,
          459862,
          435297,
          437448,
          447119,
          447846,
          452102,
          438183,
          445099,
          435362,
          445400,
          446462,
          444208,
          449528,
          456652,
          537328,
          444812,
          425115,
          439612,
          459508,
          459492,
          454451,
          446712,
          444360,
          445822,
          443570,
          498662,
          452295,
          444867,
          691222,
          444724,
          444623,
          442130,
          445126,
          444751,
          447508,
          428971,
          463053,
          443139,
          438341,
          455153,
          442700,
          447517,
          459384,
          441921,
          424756,
          458558,
          445287,
          440661,
          444768,
          441006,
          436077,
          448483,
          466530,
          446178,
          445081,
          448475,
          453821,
          444627,
          436818,
          451636,
          443570,
          443820,
          432837
        ],
        "waypoint_samples_ns": [
          2025,
          2394,
          1606,
          2067,
          1936,
          1807,
          1889,
          1878,
          2028,
          2001,
          2093,
          2251,
          2987,
          3704,
          3823,
          3733,
          3883,
          4491,
          4309,
          5293,
          5752,
          6914,
          5929,
          5938,
          6438,
          6736,
          2027,
          1537,
          1972,
          2017,
          1646,
          1840,
          1467,
          1665,
          2007,
          1874,
          1829,
          2480,
          2280,
          1829,
          2186,
          2034,
          2065,
          2134,
          2493,
          2246,
          2156,
          2074,
          2018,
          2212,
          2562,
          2153,
          2102,
          2380,
          2369,
          2291,
          2216,
          1981,
          2378,
          1604,
          1652,
          2275,
          1843,
          2389,
          1628,
          1582,
          2170,
          1996,
          2024,
          2926,
          2398,
          2717,
          2497,
          2091,
          2508,
          2203,
          1956,
          2308,
          2306,
          2046,
          2371,
          2271,
          2001,
          2711,
          2371,
          2223,
          2473,
          2001,
          2047,
          2660,
          2199,
          1541,
          1477,
          1353,
          1633,
          1465,
          1495,
          1319,
          2312,
          2146,
          1759,
          1986,
          1888,
          1977,
          1902,
          1804,
          1876,
          1887,
          2003,
          2605,
          2086,
          1981,
          1992,
          15580,
          1897,
          2151,
          2077,
          2271,
          2801,
          2675
        ],
        "route_advance_samples_ns": [
          993,
          872,
          843,
          875,
          830,
          840,
          845,
          817,
          852,
          928,
          899,
          849,
          983,
          1003,
          962,
          911,
          921,
          945,
          900,
          894,
          962,
          973,
          922,
          947,
          983,
          998,
          901,
          896,
          848,
          874,
          873,
          905,
          814,
          830,
          905,
          892,
          848,
          946,
          875,
          915,
          871,
          861,
          1227,
          880,
          941,
          929,
          860,
          849,
          873,
          863,
          882,
          866,
          868,
          876,
          922,
          853,
          842,
          832,
          868,
          864,
          901,
          849,
          849,
          897,
          906,
          864,
          878,
          853,
          905,
          970,
          896,
          1562,
          957,
          839,
          958,
          864,
          851,
          879,
          948,
          845,
          906,
          906,
          880,
          1574,
          850,
          910,
          876,
          916,
          846,
          944,
          862,
          902,
          918,
          849,
          829,
          864,
          901,
          860,
          920,
          891,
          848,
          918,
          864,
          860,
          852,
          835,
          914,
          877,
          864,
          1064,
          840,
          934,
          909,
          888,
          912,
          871,
          864,
          861,
          869,
          885
        ],
        "steering_samples_ns": [
          39349,
          48312,
          35283,
          36244,
          36508,
          36238,
          35990,
          35770,
          36317,
          36624,
          36134,
          36319,
          35268,
          41958,
          34421,
          34076,
          33676,
          34856,
          34192,
          35079,
          34982,
          34798,
          35042,
          34006,
          34471,
          34791,
          35834,
          35287,
          35570,
          35490,
          35977,
          36982,
          36600,
          35517,
          35853,
          36466,
          36190,
          39031,
          36503,
          35639,
          36340,
          35993,
          39133,
          36637,
          36461,
          36255,
          35892,
          37394,
          36521,
          36904,
          36541,
          36534,
          35898,
          38601,
          36930,
          37710,
          36657,
          36157,
          36332,
          37671,
          36007,
          36176,
          36350,
          36308,
          35651,
          36775,
          36524,
          36072,
          37958,
          40326,
          36675,
          42087,
          37197,
          36199,
          37421,
          36728,
          36003,
          36997,
          39225,
          37024,
          36766,
          36863,
          36875,
          42827,
          37103,
          36406,
          36769,
          36070,
          36415,
          37224,
          36532,
          36896,
          44287,
          35168,
          35617,
          35747,
          35365,
          35973,
          36338,
          36616,
          35955,
          35971,
          36231,
          36519,
          36423,
          36175,
          35982,
          36798,
          36161,
          37963,
          36719,
          36073,
          35898,
          36389,
          35693,
          36333,
          35861,
          36903,
          36102,
          36461
        ],
        "follower_samples_ns": [
          70655,
          77049,
          62586,
          64489,
          64425,
          63993,
          63781,
          63733,
          64089,
          77979,
          64651,
          64878,
          64834,
          72658,
          64633,
          63607,
          63694,
          65537,
          64389,
          66430,
          66838,
          68249,
          67080,
          65789,
          67529,
          68546,
          64162,
          63146,
          62981,
          62883,
          63626,
          65015,
          63855,
          62759,
          64553,
          64794,
          64077,
          70532,
          65038,
          63841,
          64624,
          63848,
          68944,
          64893,
          66004,
          65405,
          64142,
          65654,
          64505,
          65191,
          65440,
          64585,
          64421,
          67292,
          66615,
          66320,
          64846,
          64002,
          64708,
          65951,
          64004,
          64194,
          64055,
          64521,
          63759,
          64660,
          64883,
          64335,
          78078,
          72173,
          65364,
          76165,
          67442,
          64263,
          81442,
          65198,
          63770,
          65674,
          69563,
          65207,
          65886,
          77499,
          65499,
          76934,
          77161,
          65318,
          65491,
          64588,
          64314,
          67167,
          64951,
          65647,
          72328,
          62141,
          62808,
          73458,
          63159,
          63768,
          76773,
          64749,
          63555,
          64427,
          64023,
          64400,
          64055,
          63682,
          64007,
          64494,
          64038,
          68958,
          64543,
          64602,
          65076,
          78105,
          63729,
          64434,
          63663,
          65174,
          64827,
          65170
        ],
        "weapon_samples_ns": [
          246170,
          204996,
          205369,
          204419,
          217641,
          219100,
          207355,
          205621,
          205631,
          206762,
          215140,
          206135,
          206379,
          208630,
          206331,
          204588,
          212826,
          205196,
          215612,
          205084,
          206076,
          206117,
          218208,
          204693,
          206811,
          207638,
          216453,
          205311,
          216981,
          204519,
          204292,
          217416,
          203713,
          204529,
          217232,
          205854,
          205429,
          238320,
          218915,
          207515,
          205386,
          207720,
          228139,
          206165,
          209840,
          206061,
          206924,
          208239,
          216702,
          206946,
          208648,
          207003,
          205243,
          206179,
          223657,
          207500,
          207466,
          207492,
          207718,
          213497,
          204202,
          217852,
          206045,
          205077,
          214628,
          213570,
          204468,
          206142,
          210771,
          221090,
          215943,
          243972,
          234110,
          208308,
          219693,
          207780,
          208035,
          207707,
          215088,
          207190,
          217960,
          217280,
          206629,
          251140,
          207206,
          218378,
          219324,
          218978,
          206822,
          220278,
          206654,
          210313,
          219625,
          204296,
          205485,
          204069,
          204528,
          210219,
          205151,
          204709,
          205874,
          217748,
          215981,
          207568,
          204926,
          219230,
          217377,
          206353,
          205226,
          211709,
          207864,
          206700,
          214352,
          207807,
          206959,
          207658,
          206365,
          208902,
          219672,
          210044
        ],
        "danger_samples_ns": [
          1866909,
          1384602,
          1365620,
          1379600,
          1377270,
          1358974,
          1386390,
          1385018,
          1370716,
          1400386,
          1420257,
          1378279,
          1382799,
          1409567,
          1395363,
          1355732,
          1375804,
          1383756,
          1351830,
          1376551,
          1397762,
          1376801,
          1372600,
          1400921,
          1395093,
          1362617,
          1372678,
          1372335,
          1359591,
          1388842,
          1401861,
          1366805,
          1391703,
          1376891,
          1367645,
          1359804,
          1373959,
          1390811,
          1393178,
          1400278,
          1354229,
          1389707,
          1386031,
          1383358,
          1389736,
          1388010,
          1396474,
          1374924,
          1380091,
          1437588,
          1416725,
          1388369,
          1397239,
          1407877,
          1377718,
          1379518,
          1373317,
          1394965,
          1370084,
          1366545,
          1374653,
          1386859,
          1399806,
          1357085,
          1381945,
          1362257,
          1374974,
          1387677,
          1376007,
          1373684,
          1407668,
          1793974,
          1388456,
          1571377,
          1373139,
          1403842,
          1412473,
          1384412,
          1388995,
          1375591,
          1395578,
          1368691,
          1828389,
          1468118,
          1370343,
          1630767,
          1379934,
          1367878,
          1375830,
          1388727,
          1382771,
          1386101,
          1357339,
          1390519,
          1366195,
          1369941,
          1385051,
          1365631,
          1367416,
          1384797,
          1378722,
          1354114,
          1389455,
          1380227,
          1370060,
          1385619,
          1358635,
          1372342,
          1513811,
          1405155,
          1380958,
          1381778,
          1397184,
          1366920,
          1381165,
          1394208,
          1378312,
          1390096,
          1373744,
          1371375
        ],
        "planning_samples_ns": [
          609752,
          614233,
          739146,
          741043,
          682222,
          751557,
          747301,
          744218,
          748898,
          772305,
          770211,
          606053,
          551420,
          573339,
          636793,
          611821,
          595403,
          629021,
          733685,
          720810,
          684209,
          735121,
          735243,
          724557,
          700553,
          728094,
          574579,
          548486,
          589759,
          631308,
          614660,
          576621,
          607569,
          697939,
          702231,
          655373,
          764807,
          733279,
          710945,
          709474,
          725379,
          729440,
          753029,
          774456,
          786768,
          763765,
          776734,
          801818,
          823356,
          849237,
          810354,
          781092,
          828155,
          798156,
          809448,
          793836,
          693374,
          731690,
          590600,
          579709,
          637649,
          644361,
          641245,
          593461,
          636748,
          763017,
          763334,
          717882,
          843250,
          773616,
          863000,
          800234,
          765155,
          780460,
          757848,
          788319,
          784246,
          767409,
          780631,
          793691,
          801783,
          808583,
          808026,
          809651,
          802909,
          895257,
          791600,
          808236,
          983510,
          760634,
          599074,
          564199,
          600734,
          637239,
          624871,
          591107,
          640733,
          760127,
          759141,
          689961,
          752532,
          748228,
          743590,
          728123,
          727968,
          733099,
          751567,
          756997,
          818457,
          775449,
          766822,
          789706,
          789059,
          796566,
          782934,
          777609,
          806628,
          760152,
          787931,
          794986
        ],
        "request_submit_samples_ns": [
          0,
          0,
          0,
          0,
          0,
          0,
          0,
          0,
          0,
          0,
          0,
          0,
          401,
          0,
          0,
          0,
          0,
          0,
          0,
          0,
          0,
          0,
          0,
          0,
          0,
          0,
          0,
          0,
          0,
          0,
          0,
          0,
          0,
          0,
          0,
          0,
          0,
          0,
          0,
          0,
          0,
          0,
          0,
          0,
          0,
          0,
          0,
          0,
          0,
          0,
          0,
          0,
          0,
          0,
          0,
          0,
          0,
          0,
          0,
          0,
          0,
          0,
          0,
          0,
          0,
          0,
          0,
          0,
          0,
          0,
          0,
          0,
          0,
          0,
          0,
          0,
          0,
          0,
          0,
          0,
          0,
          0,
          0,
          0,
          0,
          0,
          0,
          0,
          0,
          0,
          0,
          0,
          0,
          0,
          0,
          0,
          0,
          0,
          0,
          0,
          0,
          0,
          0,
          0,
          0,
          0,
          0,
          0,
          0,
          0,
          0,
          0,
          0,
          0,
          0,
          0,
          0,
          0,
          0,
          0
        ],
        "restart_samples_ns": [
          141,
          80,
          106,
          118,
          116,
          110,
          82,
          90,
          76,
          105,
          116,
          113,
          150,
          118,
          112,
          67,
          86,
          134,
          124,
          82,
          116,
          99,
          81,
          83,
          118,
          126,
          106,
          89,
          83,
          92,
          150,
          82,
          83,
          73,
          86,
          87,
          88,
          165,
          115,
          80,
          81,
          81,
          142,
          90,
          113,
          93,
          127,
          120,
          115,
          154,
          120,
          113,
          91,
          183,
          169,
          202,
          365,
          91,
          94,
          96,
          83,
          82,
          109,
          93,
          101,
          77,
          82,
          125,
          89,
          169,
          187,
          163,
          134,
          188,
          218,
          165,
          155,
          147,
          210,
          140,
          154,
          72,
          201,
          138,
          118,
          177,
          171,
          78,
          84,
          125,
          136,
          141,
          64,
          90,
          89,
          60,
          64,
          135,
          80,
          84,
          79,
          118,
          78,
          83,
          79,
          82,
          104,
          105,
          205,
          165,
          120,
          139,
          110,
          87,
          128,
          113,
          81,
          63,
          110,
          79
        ],
        "sjf_select_samples_ns": [
          0,
          0,
          0,
          0,
          0,
          0,
          0,
          0,
          0,
          0,
          0,
          502,
          0,
          0,
          0,
          0,
          0,
          0,
          0,
          0,
          0,
          0,
          0,
          0,
          0,
          0,
          457,
          0,
          0,
          0,
          0,
          0,
          0,
          0,
          0,
          0,
          0,
          0,
          0,
          0,
          0,
          0,
          0,
          0,
          0,
          0,
          0,
          0,
          0,
          0,
          0,
          0,
          0,
          0,
          0,
          0,
          0,
          0,
          535,
          0,
          0,
          0,
          0,
          0,
          0,
          0,
          0,
          0,
          0,
          0,
          0,
          0,
          0,
          0,
          0,
          0,
          0,
          0,
          0,
          0,
          0,
          0,
          0,
          0,
          0,
          0,
          0,
          0,
          0,
          0,
          425,
          0,
          0,
          0,
          0,
          0,
          0,
          0,
          0,
          0,
          0,
          0,
          0,
          0,
          0,
          0,
          0,
          0,
          0,
          0,
          0,
          0,
          0,
          0,
          0,
          0,
          0,
          0,
          0,
          0
        ],
        "attach_samples_ns": [
          0,
          0,
          0,
          0,
          0,
          0,
          0,
          0,
          0,
          0,
          0,
          1744,
          0,
          0,
          0,
          0,
          0,
          0,
          0,
          0,
          0,
          0,
          0,
          0,
          0,
          0,
          2089,
          0,
          0,
          0,
          0,
          0,
          0,
          0,
          0,
          0,
          0,
          0,
          0,
          0,
          0,
          0,
          0,
          0,
          0,
          0,
          0,
          0,
          0,
          0,
          0,
          0,
          0,
          0,
          0,
          0,
          0,
          0,
          2282,
          0,
          0,
          0,
          0,
          0,
          0,
          0,
          0,
          0,
          0,
          0,
          0,
          0,
          0,
          0,
          0,
          0,
          0,
          0,
          0,
          0,
          0,
          0,
          0,
          0,
          0,
          0,
          0,
          0,
          0,
          0,
          1914,
          0,
          0,
          0,
          0,
          0,
          0,
          0,
          0,
          0,
          0,
          0,
          0,
          0,
          0,
          0,
          0,
          0,
          0,
          0,
          0,
          0,
          0,
          0,
          0,
          0,
          0,
          0,
          0,
          0
        ],
        "finish_install_samples_ns": [
          0,
          0,
          0,
          0,
          0,
          0,
          0,
          0,
          0,
          0,
          0,
          24616,
          0,
          0,
          0,
          0,
          0,
          0,
          0,
          0,
          0,
          0,
          0,
          0,
          0,
          0,
          0,
          0,
          0,
          0,
          0,
          0,
          0,
          0,
          0,
          0,
          0,
          0,
          0,
          0,
          0,
          0,
          0,
          0,
          0,
          0,
          0,
          0,
          0,
          0,
          0,
          0,
          0,
          0,
          0,
          0,
          0,
          0,
          0,
          0,
          0,
          0,
          0,
          0,
          0,
          0,
          0,
          0,
          0,
          0,
          0,
          0,
          0,
          0,
          0,
          0,
          0,
          0,
          0,
          0,
          0,
          0,
          0,
          0,
          0,
          0,
          0,
          0,
          0,
          0,
          0,
          0,
          0,
          0,
          0,
          0,
          0,
          0,
          0,
          0,
          0,
          0,
          0,
          0,
          0,
          0,
          0,
          0,
          0,
          0,
          0,
          0,
          0,
          0,
          0,
          0,
          0,
          0,
          0,
          0
        ],
        "non_nav_samples_ns": [
          1652090,
          1231917,
          1210230,
          1221334,
          1233352,
          1218990,
          1240086,
          1227981,
          1225048,
          1264076,
          1274945,
          1219044,
          1216952,
          1242652,
          1217839,
          1221191,
          1220883,
          1219878,
          1219829,
          1238978,
          1222883,
          1222303,
          1233797,
          1227698,
          1232151,
          1229908,
          1236977,
          1208578,
          1227760,
          1206566,
          1249090,
          1222395,
          1219594,
          1217990,
          1219624,
          1203775,
          1216131,
          1283821,
          1248138,
          1242866,
          1209556,
          1245457,
          1239683,
          1211959,
          1240683,
          1214501,
          1238592,
          1233019,
          1226181,
          1242252,
          1248642,
          1240322,
          1229936,
          1261500,
          1239280,
          1238212,
          1220754,
          1225357,
          1224152,
          1227596,
          1212334,
          1237977,
          1234985,
          1205173,
          1233344,
          1223707,
          1215881,
          1230022,
          1239815,
          1248251,
          1250609,
          1593405,
          1262344,
          1437822,
          1264841,
          1234635,
          1242787,
          1220937,
          1243416,
          1220073,
          1252024,
          1236461,
          1620557,
          1361996,
          1226804,
          1240226,
          1236679,
          1223644,
          1223154,
          1258853,
          1227433,
          1233367,
          1229157,
          1213079,
          1209957,
          1227784,
          1216239,
          1227127,
          1225680,
          1210861,
          1224450,
          1228979,
          1228955,
          1225245,
          1216523,
          1241741,
          1216399,
          1237314,
          1352781,
          1235839,
          1224827,
          1225738,
          1260489,
          1205119,
          1224522,
          1248278,
          1214036,
          1238292,
          1231371,
          1241155
        ],
        "route_search_ns_per_pop_samples": [
          594,
          599,
          720,
          722,
          665,
          733,
          729,
          725,
          730,
          753,
          751,
          564,
          537,
          559,
          621,
          596,
          580,
          613,
          715,
          703,
          667,
          717,
          717,
          706,
          683,
          710,
          557,
          535,
          575,
          615,
          599,
          562,
          592,
          680,
          685,
          639,
          746,
          715,
          693,
          692,
          707,
          711,
          734,
          755,
          767,
          745,
          757,
          782,
          803,
          828,
          790,
          761,
          807,
          778,
          789,
          774,
          676,
          713,
          572,
          565,
          621,
          628,
          625,
          578,
          621,
          744,
          744,
          700,
          822,
          754,
          841,
          779,
          746,
          760,
          739,
          769,
          764,
          748,
          761,
          774,
          782,
          788,
          787,
          789,
          783,
          872,
          772,
          788,
          959,
          742,
          581,
          550,
          585,
          621,
          609,
          576,
          625,
          741,
          740,
          673,
          734,
          729,
          725,
          710,
          710,
          715,
          733,
          738,
          797,
          756,
          748,
          770,
          769,
          777,
          763,
          758,
          786,
          741,
          768,
          775
        ],
        "request_submissions_per_tick": [
          0,
          0,
          0,
          0,
          0,
          0,
          0,
          0,
          0,
          0,
          0,
          0,
          1,
          0,
          0,
          0,
          0,
          0,
          0,
          0,
          0,
          0,
          0,
          0,
          0,
          0,
          0,
          0,
          0,
          0,
          0,
          0,
          0,
          0,
          0,
          0,
          0,
          0,
          0,
          0,
          0,
          0,
          0,
          0,
          0,
          0,
          0,
          0,
          0,
          0,
          0,
          0,
          0,
          0,
          0,
          0,
          0,
          0,
          0,
          0,
          0,
          0,
          0,
          0,
          0,
          0,
          0,
          0,
          0,
          0,
          0,
          0,
          0,
          0,
          0,
          0,
          0,
          0,
          0,
          0,
          0,
          0,
          0,
          0,
          0,
          0,
          0,
          0,
          0,
          0,
          0,
          0,
          0,
          0,
          0,
          0,
          0,
          0,
          0,
          0,
          0,
          0,
          0,
          0,
          0,
          0,
          0,
          0,
          0,
          0,
          0,
          0,
          0,
          0,
          0,
          0,
          0,
          0,
          0,
          0
        ],
        "request_admissions_per_tick": [
          0,
          0,
          0,
          0,
          0,
          0,
          0,
          0,
          0,
          0,
          0,
          1,
          0,
          0,
          0,
          0,
          0,
          0,
          0,
          0,
          0,
          0,
          0,
          0,
          0,
          0,
          1,
          0,
          0,
          0,
          0,
          0,
          0,
          0,
          0,
          0,
          0,
          0,
          0,
          0,
          0,
          0,
          0,
          0,
          0,
          0,
          0,
          0,
          0,
          0,
          0,
          0,
          0,
          0,
          0,
          0,
          0,
          0,
          1,
          0,
          0,
          0,
          0,
          0,
          0,
          0,
          0,
          0,
          0,
          0,
          0,
          0,
          0,
          0,
          0,
          0,
          0,
          0,
          0,
          0,
          0,
          0,
          0,
          0,
          0,
          0,
          0,
          0,
          0,
          0,
          1,
          0,
          0,
          0,
          0,
          0,
          0,
          0,
          0,
          0,
          0,
          0,
          0,
          0,
          0,
          0,
          0,
          0,
          0,
          0,
          0,
          0,
          0,
          0,
          0,
          0,
          0,
          0,
          0,
          0
        ],
        "route_completions_per_tick": [
          0,
          0,
          0,
          0,
          0,
          0,
          0,
          0,
          0,
          0,
          0,
          1,
          0,
          0,
          0,
          0,
          0,
          0,
          0,
          0,
          0,
          0,
          0,
          0,
          0,
          0,
          0,
          0,
          0,
          0,
          0,
          0,
          0,
          0,
          0,
          0,
          0,
          0,
          0,
          0,
          0,
          0,
          0,
          0,
          0,
          0,
          0,
          0,
          0,
          0,
          0,
          0,
          0,
          0,
          0,
          0,
          0,
          0,
          0,
          0,
          0,
          0,
          0,
          0,
          0,
          0,
          0,
          0,
          0,
          0,
          0,
          0,
          0,
          0,
          0,
          0,
          0,
          0,
          0,
          0,
          0,
          0,
          0,
          0,
          0,
          0,
          0,
          0,
          0,
          0,
          0,
          0,
          0,
          0,
          0,
          0,
          0,
          0,
          0,
          0,
          0,
          0,
          0,
          0,
          0,
          0,
          0,
          0,
          0,
          0,
          0,
          0,
          0,
          0,
          0,
          0,
          0,
          0,
          0,
          0
        ],
        "weight_refreshes_per_tick": [
          1,
          1,
          1,
          1,
          1,
          1,
          1,
          1,
          1,
          1,
          1,
          1,
          1,
          1,
          1,
          1,
          1,
          1,
          1,
          1,
          1,
          1,
          1,
          1,
          1,
          1,
          1,
          1,
          1,
          1,
          1,
          1,
          1,
          1,
          1,
          1,
          1,
          1,
          1,
          1,
          1,
          1,
          1,
          1,
          1,
          1,
          1,
          1,
          1,
          1,
          1,
          1,
          1,
          1,
          1,
          1,
          1,
          1,
          1,
          1,
          1,
          1,
          1,
          1,
          1,
          1,
          1,
          1,
          1,
          1,
          1,
          1,
          1,
          1,
          1,
          1,
          1,
          1,
          1,
          1,
          1,
          1,
          1,
          1,
          1,
          1,
          1,
          1,
          1,
          1,
          1,
          1,
          1,
          1,
          1,
          1,
          1,
          1,
          1,
          1,
          1,
          1,
          1,
          1,
          1,
          1,
          1,
          1,
          1,
          1,
          1,
          1,
          1,
          1,
          1,
          1,
          1,
          1,
          1,
          1
        ],
        "p50_ns": 2457696,
        "p95_ns": 2670217,
        "max_ns": 2975966,
        "nav_p50_ns": 1230386,
        "nav_p95_ns": 1327362,
        "nav_max_ns": 1624864,
        "route_search_p50_ns": 747387,
        "route_search_p95_ns": 822458,
        "route_search_max_ns": 982613,
        "route_search_ns_per_pop_p50": 729,
        "route_search_ns_per_pop_p95": 803,
        "request_overhead_p50_ns": 110,
        "request_overhead_p95_ns": 218,
        "request_overhead_max_ns": 26975,
        "weight_refresh_p50_ns": 444812,
        "weight_refresh_p95_ns": 466530,
        "weight_refresh_max_ns": 691222,
        "waypoint_p50_ns": 2091,
        "waypoint_p95_ns": 5752,
        "waypoint_max_ns": 15580,
        "route_advance_p50_ns": 879,
        "route_advance_p95_ns": 993,
        "route_advance_max_ns": 1574,
        "steering_p50_ns": 36332,
        "steering_p95_ns": 39349,
        "steering_max_ns": 48312,
        "follower_p95_ns": 77049,
        "weapon_p95_ns": 223657,
        "danger_p95_ns": 1468118,
        "planning_p95_ns": 823356,
        "request_submit_p95_ns": 0,
        "restart_p95_ns": 188,
        "sjf_select_p95_ns": 0,
        "attach_p95_ns": 0,
        "finish_install_p95_ns": 0,
        "finish_install_max_ns": 24616,
        "non_nav_p50_ns": 1228979,
        "non_nav_p95_ns": 1283821,
        "non_nav_max_ns": 1652090,
        "p95_limit_ns": 4000000,
        "max_limit_ns": 5000000,
        "pass": true
      }
    ],
    "pass": true
  },
  "pass": true
}
